Category,Journal Name,Publisher,Impact Factor (approx.),Open Access,Key Topics
Top-tier / High Impact (IF ~6+),npj Digital Medicine,Nature Portfolio,15.1,Yes,"Digital medicine, AI/ML, clinical informatics, NLP"
Top-tier / High Impact (IF ~6+),The Lancet Digital Health,Elsevier,23.8,Yes,"Digital health, AI validation, policy"
Top-tier / High Impact (IF ~6+),Journal of the American Medical Informatics Association (JAMIA),Oxford / AMIA,6.4,No,"Clinical informatics, NLP, EHR, CDS"
Top-tier / High Impact (IF ~6+),Journal of Medical Internet Research (JMIR),JMIR Publications,6.0,Yes,"eHealth, mHealth, digital interventions"
Top-tier / High Impact (IF ~6+),IEEE Journal of Biomedical and Health Informatics (J-BHI),IEEE,6.8,No,"Signal processing, ML, health data analytics, wearables"
Top-tier / High Impact (IF ~6+),Briefings in Bioinformatics,Oxford University Press,7.97,Yes,"Computational biology, AI/ML for omics, translational bioinformatics"
Top-tier / High Impact (IF ~6+),Bioinformatics,Oxford University Press,4.4,No,"Sequence analysis, genomics tools, computational biology methods"
Mid-tier / Solid Specialty (IF ~3-5),Journal of Biomedical Informatics (JBI),Elsevier / AMIA,4.0,No,"NLP, clinical decision support, knowledge representation"
Mid-tier / Solid Specialty (IF ~3-5),International Journal of Medical Informatics (IJMI),Elsevier,4.95,No,"Health IT adoption, EHR systems, clinical data standards"
Mid-tier / Solid Specialty (IF ~3-5),JMIR Medical Informatics (JMI),JMIR Publications,3.8,Yes,"Clinical informatics, decision support, EHR infrastructure"
Mid-tier / Solid Specialty (IF ~3-5),JAMIA Open,Oxford / AMIA,N/A,Yes,"Implementation studies, applied informatics"
Mid-tier / Solid Specialty (IF ~3-5),BMC Medical Informatics and Decision Making,Springer / BMC,3.3,Yes,"Clinical informatics, decision support, applied ML"
Mid-tier / Solid Specialty (IF ~3-5),PLOS Digital Health,PLOS,N/A,Yes,"Digital health, AI applications"
Mid-tier / Solid Specialty (IF ~3-5),Journal of Medical Systems,Springer,5.3,No,"Health IT systems, telemedicine, hospital informatics"
Mid-tier / Solid Specialty (IF ~3-5),Methods of Information in Medicine,Thieme / IMIA,1.3,No,"Informatics methodology, standards"
Mid-tier / Solid Specialty (IF ~3-5),BMJ Health & Care Informatics,BMJ,N/A,Yes,"Clinical informatics, health system digital transformation"
Niche / Complementary,Health Informatics Journal,SAGE,2.3,No,"Health IT implementation, user studies, digital health evaluation"
Niche / Complementary,Applied Clinical Informatics,Thieme / AMIA,N/A,No,"CDS, EHR usability, implementation science"
Niche / Complementary,JMIR mHealth and uHealth,JMIR Publications,5.0,Yes,"Mobile health, wearables, remote monitoring"
Niche / Complementary,Computers in Biology and Medicine,Elsevier,7.0,No,"Computational modeling, ML for diagnostics"
Niche / Complementary,Artificial Intelligence in Medicine,Elsevier,7.5,No,"AI/ML clinical methods, NLP, knowledge-based systems"
Niche / Complementary,Journal of Clinical and Translational Science,Cambridge University Press,N/A,Yes,"Translational informatics, clinical research informatics"
Niche / Complementary,Database: The Journal of Biological Databases and Curation,Oxford University Press,N/A,Yes,"Biological databases, data standards, curation methods"
Niche / Complementary,Bioinformatics Advances,Oxford University Press,N/A,Yes,"Computational methods, newer OA companion to Bioinformatics"
Niche / Complementary,Journal of Innovation in Health Informatics,BCS Health,N/A,Yes,"Health informatics implementation"
Niche / Complementary,Digital Biomarkers,Karger,N/A,Yes,"Digital phenotyping, sensor-derived biomarkers"
Niche / Complementary,Frontiers in Digital Health,Frontiers,N/A,Yes,"Broad digital health"
Niche / Complementary,Nature Medicine,Nature Portfolio,58.7,No,"Landmark clinical/informatics-adjacent studies"
Niche / Complementary,Nature Methods,Nature Portfolio,36.1,No,"Methodological innovation including computational tools"
