domain,k,inertia,silhouette
methodology,2,1227938.0,0.08654898405075073
methodology,3,1201872.75,0.048355668783187866
methodology,5,1143058.5,0.04384387284517288
methodology,10,1079888.25,0.02607860043644905
methodology,15,1042068.3125,0.031807512044906616
methodology,20,1018866.875,0.028898291289806366
methodology,30,980982.25,0.028249578550457954
methodology,50,943448.0,0.023689236491918564
methodology,75,908358.25,0.024046825245022774
health,2,1793185.25,0.08116214722394943
health,3,1749526.875,0.05558919534087181
health,5,1689536.5,0.04069788381457329
health,10,1588348.5,0.028030572459101677
health,15,1542417.75,0.037593960762023926
health,20,1510289.5,0.027660485357046127
health,30,1453440.875,0.026095105335116386
health,50,1391457.75,0.022821618244051933
health,75,1345488.625,0.024696892127394676
