domain,statistic,value
methodology,number_of_nodes,70.0
methodology,number_of_leaf_nodes,65.0
methodology,number_of_edges,10.0
methodology,depth,3.0
methodology,number_of_roots,61.0
methodology,width_all_median,0.0
methodology,width_all_q1,0.0
methodology,width_all_q3,0.0
methodology,width_all_min,0.0
methodology,width_all_max,4.0
methodology,width_nonleaf_median,2.0
methodology,width_nonleaf_q1,1.0
methodology,width_nonleaf_q3,2.0
methodology,width_nonleaf_min,1.0
methodology,width_nonleaf_max,4.0
methodology,pubs_including_descendants_median,665.0
methodology,pubs_including_descendants_q1,197.25
methodology,pubs_including_descendants_q3,2102.0
methodology,pubs_including_descendants_min,16.0
methodology,pubs_including_descendants_max,62888.0
methodology,pubs_excluding_descendants_median,651.5
methodology,pubs_excluding_descendants_q1,197.25
methodology,pubs_excluding_descendants_q3,2102.0
methodology,pubs_excluding_descendants_min,16.0
methodology,pubs_excluding_descendants_max,29875.0
methodology,keywords_including_descendants_median,177.5
methodology,keywords_including_descendants_q1,69.5
methodology,keywords_including_descendants_q3,500.5
methodology,keywords_including_descendants_min,3.0
methodology,keywords_including_descendants_max,12594.0
methodology,keywords_excluding_descendants_median,177.5
methodology,keywords_excluding_descendants_q1,69.5
methodology,keywords_excluding_descendants_q3,500.5
methodology,keywords_excluding_descendants_min,3.0
methodology,keywords_excluding_descendants_max,5973.0
health,number_of_nodes,86.0
health,number_of_leaf_nodes,71.0
health,number_of_edges,33.0
health,depth,3.0
health,number_of_roots,58.0
health,width_all_median,0.0
health,width_all_q1,0.0
health,width_all_q3,0.0
health,width_all_min,0.0
health,width_all_max,8.0
health,width_nonleaf_median,1.0
health,width_nonleaf_q1,1.0
health,width_nonleaf_q3,2.5
health,width_nonleaf_min,1.0
health,width_nonleaf_max,8.0
health,pubs_including_descendants_median,1201.0
health,pubs_including_descendants_q1,286.0
health,pubs_including_descendants_q3,5019.0
health,pubs_including_descendants_min,13.0
health,pubs_including_descendants_max,40178.0
health,pubs_excluding_descendants_median,1010.0
health,pubs_excluding_descendants_q1,273.25
health,pubs_excluding_descendants_q3,3158.75
health,pubs_excluding_descendants_min,13.0
health,pubs_excluding_descendants_max,32613.0
health,keywords_including_descendants_median,399.0
health,keywords_including_descendants_q1,111.25
health,keywords_including_descendants_q3,1182.75
health,keywords_including_descendants_min,7.0
health,keywords_including_descendants_max,11408.0
health,keywords_excluding_descendants_median,354.5
health,keywords_excluding_descendants_q1,98.75
health,keywords_excluding_descendants_q3,841.75
health,keywords_excluding_descendants_min,7.0
health,keywords_excluding_descendants_max,9658.0
