,Health informatics,Human health,Computational biology,Genomics in health,Health data analysis,Digital health,Mental health,Medical technology,Mobile health adoption,Health AI models,Healthcare facilities,COVID-19 pandemic,Health records,Malignant diseases,Cancer classification,Medical image analysis,Xenobiotic metabolism,Protein engineering,Health policy,Maternal health,Nucleic acid detection,Neurological disorders,Heart failure,Health disparities,Cancer outcomes,Healthcare engagement,Drug interactions,Care delivery models,Population genetics,Health self-management
Medical informatics,7158,1792,643,587,1538,2542,1569,1165,2855,930,1358,791,1246,342,345,310,372,127,817,419,163,324,431,723,359,731,333,757,98,751
Clinical trials,2136,10694,2492,2583,1571,844,725,615,686,545,962,527,1183,985,851,113,980,706,298,1925,817,291,348,321,464,428,268,707,1056,335
Modeling approaches,892,3313,2979,2893,662,348,220,391,209,501,239,269,239,348,403,159,738,1089,99,274,1140,101,153,89,168,92,208,122,878,77
Mixed machine learning methods,1001,772,779,557,613,374,421,567,130,885,398,400,364,304,399,296,194,262,172,219,86,369,302,122,326,90,254,105,122,63
Sequencing and assembly,181,1951,1690,2929,339,38,24,88,7,143,9,113,34,266,302,21,558,529,14,114,1205,23,20,17,84,9,62,9,761,1
Neural networks,404,591,549,251,269,168,136,406,45,1484,78,205,100,180,246,508,97,241,40,136,60,254,194,42,119,23,238,32,78,25
Machine learning,441,324,525,221,275,211,153,497,56,597,95,274,136,211,305,452,60,181,61,80,76,215,183,36,122,38,190,34,57,19
Computational biology,384,683,1243,1000,452,100,87,209,55,229,171,181,53,289,171,106,209,273,61,101,273,61,100,40,92,51,212,39,344,21
Data collection,1332,848,167,134,699,631,511,352,603,186,340,237,327,122,72,60,102,32,235,378,32,91,109,239,139,295,55,257,32,205
Human-computer interaction,1092,1059,418,443,372,606,676,255,472,118,276,161,168,115,73,29,238,153,239,316,104,61,93,197,75,156,55,217,100,235
causal artificial intelligence (causal ai),853,477,154,99,293,323,277,415,154,398,282,180,179,170,138,123,75,54,161,134,20,96,116,140,106,108,77,113,29,62
Integrative review,1021,415,94,74,360,590,431,331,500,170,276,113,161,100,80,44,89,32,130,103,26,83,124,144,92,126,70,135,13,203
Medical image registration,267,859,196,52,146,117,44,651,70,294,75,91,46,201,159,540,107,19,31,271,10,139,88,26,72,20,36,42,15,16
Computer vision,356,113,161,62,185,292,118,461,101,253,62,96,28,62,120,571,31,15,42,35,22,166,76,30,49,23,45,32,16,27
Biomedical signal processing,205,497,491,254,253,183,95,260,48,210,55,28,35,42,49,198,107,193,20,72,55,438,187,22,21,16,31,32,44,14
Data analysis methods,479,321,255,297,369,310,392,204,283,153,175,134,119,77,87,82,69,22,100,129,57,99,85,103,82,93,57,75,64,89
Optimization methods,282,97,421,246,231,144,72,177,48,234,75,110,27,76,89,240,65,175,40,23,94,58,71,44,46,37,95,35,95,25
Text analytics,698,290,102,73,198,136,211,127,40,211,121,137,407,65,54,59,59,19,103,47,15,41,45,49,53,57,60,70,11,19
Health measurement instruments,478,436,103,45,253,366,226,255,240,118,269,81,109,54,27,90,42,19,59,190,15,107,148,79,66,74,26,89,10,64
Bayesian statistics,221,663,407,412,181,57,59,96,40,113,67,73,46,118,99,58,124,89,29,125,120,38,43,26,67,19,63,34,192,12
Social dynamics analysis,539,214,63,35,237,411,468,96,183,102,118,362,48,47,29,20,127,83,314,91,19,42,31,157,27,130,44,75,8,82
Study design distribution,383,979,146,168,278,178,170,127,174,79,225,113,185,132,60,32,52,30,83,411,37,55,79,75,85,101,31,117,75,72
Graph representation learning,171,15,391,136,139,57,46,111,9,222,17,54,52,45,57,162,21,24,25,5,26,68,38,10,25,19,226,13,24,2
data representations,475,260,156,123,272,149,80,110,83,149,56,91,126,35,39,96,54,28,58,28,24,33,36,34,25,32,56,39,18,20
Association rule mining,400,562,270,298,190,102,73,80,45,94,57,67,179,57,51,37,108,69,61,67,87,33,33,28,59,28,44,37,68,8
Implementation science,672,307,40,23,204,307,261,143,345,111,245,80,147,54,36,16,36,11,132,122,10,30,70,116,54,128,21,138,3,218
Participatory research,625,166,22,14,199,346,303,152,386,99,197,110,70,49,21,10,44,2,135,77,7,29,51,290,41,458,17,110,0,136
Diverse methods,271,222,229,232,154,143,99,111,95,145,74,81,36,62,68,93,57,86,38,51,35,39,47,40,52,42,116,40,58,27
Feature extraction,261,20,91,41,113,75,80,134,37,147,35,59,74,34,63,183,17,14,29,12,16,62,41,18,17,16,76,21,8,11
Cloud-based platforms,698,395,75,71,224,262,129,108,168,69,220,71,170,49,24,26,23,11,68,88,26,24,36,60,24,77,41,83,12,55
