,Applied Clinical Informatics,Artificial Intelligence in Medicine,BMC Medical Informatics and Decision Making,BMJ Health & Care Informatics,Bioinformatics,Bioinformatics Advances,Briefings in Bioinformatics,Computers in Biology and Medicine,Database: The Journal of Biological Databases and Curation,Digital Biomarkers,Frontiers in Digital Health,Health Informatics Journal,IEEE Journal of Biomedical and Health Informatics (J-BHI),International Journal of Medical Informatics (IJMI),JAMIA Open,JMIR Medical Informatics (JMI),JMIR mHealth and uHealth,Journal of Biomedical Informatics (JBI),Journal of Clinical and Translational Science,Journal of Innovation in Health Informatics,Journal of Medical Internet Research (JMIR),Journal of Medical Systems,Journal of the American Medical Informatics Association (JAMIA),Methods of Information in Medicine,Nature Medicine,Nature Methods,PLOS Digital Health,The Lancet Digital Health,npj Digital Medicine
Applied Clinical Informatics,2471,49,357,20,7,0,12,26,4,3,13,91,25,609,129,157,108,418,14,14,658,170,2373,192,34,0,8,18,111
Artificial Intelligence in Medicine,19,1171,246,7,303,1,197,551,27,4,17,21,510,176,22,84,50,754,1,2,180,157,421,29,167,61,23,68,201
BMC Medical Informatics and Decision Making,256,253,2291,34,233,2,158,336,98,5,25,142,320,997,65,345,470,1128,5,21,1245,356,1832,157,200,47,35,93,346
BMJ Health & Care Informatics,28,15,102,65,5,0,3,18,1,6,6,19,13,88,10,43,63,50,1,19,176,24,202,17,58,2,12,48,70
Bioinformatics,2,64,57,0,11926,110,2609,139,644,0,2,5,103,8,8,21,1,270,1,0,13,9,172,2,393,4839,4,14,25
Bioinformatics Advances,0,3,9,0,1325,66,335,32,82,0,0,0,9,2,1,1,0,28,3,0,4,2,16,0,53,544,2,2,10
Briefings in Bioinformatics,2,117,83,4,9312,122,7776,497,735,1,2,6,300,17,3,24,4,324,1,1,37,14,246,14,718,3858,2,30,70
Computers in Biology and Medicine,24,768,346,12,2028,17,2367,9661,159,7,52,23,2259,261,22,136,79,555,2,2,292,558,353,39,752,878,21,153,446
Database: The Journal of Biological Databases and Curation,2,19,43,0,796,9,361,44,1832,0,1,1,8,6,6,13,6,228,0,0,26,8,145,3,52,210,2,3,10
Digital Biomarkers,1,1,2,0,0,0,1,3,0,185,5,0,25,3,0,3,76,6,2,0,80,4,11,0,14,0,4,6,137
Frontiers in Digital Health,71,58,279,36,56,2,42,129,11,54,338,72,156,265,47,143,645,229,24,3,1870,126,397,18,197,20,66,123,592
Health Informatics Journal,69,25,200,11,10,1,17,37,2,3,22,427,31,314,14,57,194,172,3,11,568,162,383,31,28,6,3,12,59
IEEE Journal of Biomedical and Health Informatics (J-BHI),11,315,176,4,1046,5,1002,1212,61,13,22,11,5436,116,6,54,87,406,0,1,217,228,358,30,302,361,19,39,350
International Journal of Medical Informatics (IJMI),349,165,786,41,47,0,30,183,11,5,44,213,194,2860,79,298,632,790,13,33,1979,416,2089,143,129,8,32,92,250
JAMIA Open,188,43,201,16,59,0,26,36,24,0,19,20,26,211,188,143,142,358,35,8,456,48,1392,41,87,8,19,42,215
JMIR Medical Informatics (JMI),260,141,680,27,149,1,63,133,70,3,35,75,165,644,109,977,208,884,18,27,1632,210,1758,131,184,14,28,74,306
JMIR mHealth and uHealth,79,16,396,8,1,0,2,34,2,33,56,191,143,483,25,106,6698,305,4,5,5835,346,482,31,50,3,21,75,433
Journal of Biomedical Informatics (JBI),183,398,514,10,656,2,339,234,249,1,12,50,397,519,87,243,156,3683,7,3,578,220,2947,144,171,81,17,44,308
Journal of Clinical and Translational Science,26,1,26,0,3,0,4,3,2,6,7,7,6,22,49,16,17,107,1484,0,171,12,254,10,30,4,2,2,47
Journal of Innovation in Health Informatics,9,0,12,0,0,0,0,0,0,0,0,3,0,19,0,3,4,5,0,24,11,4,41,4,0,0,0,0,0
Journal of Medical Internet Research (JMIR),502,217,1521,144,141,1,85,238,40,85,384,586,392,2157,200,1064,5272,1095,61,60,27668,761,3414,228,751,51,213,534,1890
Journal of Medical Systems,68,127,195,12,24,0,23,315,3,0,17,39,295,381,21,69,255,328,1,6,568,4162,421,87,80,7,21,30,108
Journal of the American Medical Informatics Association (JAMIA),623,119,689,43,193,1,82,59,47,7,44,107,108,852,284,339,294,1456,67,20,1278,206,6899,101,225,25,43,90,489
Methods of Information in Medicine,194,19,115,1,10,0,13,20,3,1,1,10,23,130,4,35,58,186,0,4,98,40,335,482,9,6,0,1,20
Nature Medicine,7,10,14,6,476,7,47,19,11,4,10,0,23,11,10,24,11,35,6,2,79,5,93,2,3897,660,10,134,208
Nature Methods,0,2,7,0,1097,12,140,15,53,0,0,0,3,0,0,0,0,5,0,0,0,0,5,0,272,6718,0,1,9
PLOS Digital Health,21,37,141,22,38,2,13,52,6,20,82,27,74,135,29,73,370,106,9,1,768,31,222,15,211,11,183,149,393
The Lancet Digital Health,11,9,28,7,7,0,5,11,0,4,13,7,13,27,7,21,92,30,3,2,230,10,99,1,268,11,30,282,237
npj Digital Medicine,76,142,266,49,163,4,97,256,16,109,132,45,327,208,100,190,624,327,16,5,1463,111,876,31,1013,118,124,510,2470
