,Digital health,Computational biology,Healthcare semantic interoperability,Mental health,Gene expression regulation,Healthcare outcomes,Primary care,Clinical prognosis,Privacy-preserving healthcare data,Public health surveillance,Neurological disorders,Cancer type distribution,Explainable medical AI,Protein-ligand binding,COVID-19 pandemic
Machine learning methods,8342,2718,1924,1378,1820,1181,746,1540,962,965,1288,1167,1450,850,710
Digital research methods,9105,4979,1025,1245,2391,802,834,569,905,833,693,550,748,674,606
Digital health,11625,791,2704,2905,210,1745,1856,901,1488,1548,729,426,626,138,668
Human–computer interaction,12170,5567,2066,1100,2181,1189,1453,1017,829,937,749,953,611,682,738
Deep learning architectures,3305,1451,552,412,747,344,213,638,344,265,678,538,1619,563,377
recommender algorithm,5611,3091,834,674,1637,516,432,470,406,480,419,468,490,464,312
Healthcare modeling,3383,692,928,435,348,600,340,895,372,347,518,514,740,200,259
Natural language processing,4118,757,1257,664,349,534,456,454,621,633,378,296,445,218,281
Clinical trial methodology,4592,1075,1032,960,339,848,667,550,549,713,364,419,279,577,412
information and knowledge management,4163,727,1445,569,302,499,693,319,624,474,216,178,280,146,220
Sequence alignment,3448,3447,99,56,2188,79,29,110,144,69,135,261,189,388,235
Health IT implementation,3443,344,1160,604,99,540,738,243,499,619,145,113,239,56,196
Laboratory methods,1731,1625,132,106,1318,110,76,160,134,119,209,242,157,286,141
Mathematical methods,2208,814,363,319,364,294,242,246,232,274,198,196,221,206,174
probabilistic analysis,2130,1438,332,268,606,287,122,330,188,213,240,259,337,187,139
