topic,total,slope,relative_slope,mean_count,recent_count,early_count
Machine learning methods,17706,217.68571428570954,0.18567529365891294,1172.4,2798.0,244.66666666666666
Digital research methods,15022,109.21428571428395,0.10930902019845594,999.1333333333333,1569.0,237.33333333333334
Deep learning architectures,8913,107.14285714285498,0.1812294606611214,591.2,1376.6666666666667,111.0
Digital health,14215,101.35357142856958,0.1072221998327487,945.2666666666667,1444.3333333333333,367.3333333333333
Healthcare modeling,7993,86.0357142857125,0.1623519580180762,529.9333333333333,1166.0,131.66666666666666
Natural language processing,6928,58.73928571428452,0.12782377567304043,459.53333333333336,875.0,188.0
Clinical trial methodology,6620,44.77857142857056,0.10187753244783229,439.53333333333336,763.3333333333334,257.6666666666667
recommender algorithm,8242,37.29999999999952,0.06795821693185872,548.8666666666667,790.6666666666666,295.6666666666667
Mathematical methods,4340,30.628571428570833,0.10644776909836944,287.73333333333335,499.0,121.66666666666667
Graph neural networks,2981,29.98214285714219,0.15193653474903135,197.33333333333334,468.6666666666667,88.0
information and knowledge management,5938,29.707142857142404,0.07538608405635866,394.06666666666666,580.3333333333334,244.33333333333334
systematic screening,2561,28.89999999999944,0.1709384858044131,169.06666666666666,374.6666666666667,18.666666666666668
Sequence alignment,5804,28.424999999999823,0.0736780715396574,385.8,490.3333333333333,85.66666666666667
Laboratory methods,4402,26.84999999999956,0.09186815693430507,292.26666666666665,465.3333333333333,123.33333333333333
evidence-based framework,4011,26.20357142857094,0.09838637582692468,266.3333333333333,469.3333333333333,161.66666666666666
Contrastive learning,1500,24.232142857142307,0.24443990777211472,99.13333333333334,303.3333333333333,6.0
Health IT privacy,2203,22.14285714285666,0.15152502606881837,146.13333333333333,304.3333333333333,36.333333333333336
Health IT implementation,4481,21.58571428571373,0.0726139749463346,297.26666666666665,458.3333333333333,217.66666666666666
probabilistic analysis,4114,17.874999999999826,0.06552419354838646,272.8,404.3333333333333,162.66666666666666
Attention mechanisms,1321,17.29285714285674,0.1981610826148595,87.26666666666667,240.66666666666666,26.0
Drug design,1509,16.52857142857112,0.16539597827122535,99.93333333333334,210.0,19.0
Time-frequency analysis,1955,15.467857142856843,0.11916685009905117,129.8,229.0,39.0
real-world effectiveness,1838,14.199999999999743,0.11658456486042483,121.8,218.33333333333334,42.666666666666664
Depth imaging modalities,1542,13.839285714285424,0.13630287965481377,101.53333333333333,217.0,39.333333333333336
attribute-based access control policies,1607,12.924999999999756,0.12124765478423787,106.6,201.66666666666666,45.0
specific health guidance,1624,12.507142857142599,0.11645384410747298,107.4,170.0,18.333333333333332
Cognitive behavioral therapy,1068,12.407142857142585,0.1745845617796799,71.06666666666666,156.33333333333334,14.0
multi-criteria decision-making,1143,10.307142857142658,0.13573937037501305,75.93333333333334,140.0,20.0
Healthcare surveys,1994,10.221428571428348,0.07704594400574132,132.66666666666666,220.0,116.66666666666667
Gene editing,1433,9.160714285714123,0.09649628812198865,94.93333333333334,166.33333333333334,50.0
good simulation practice,790,8.84642857142839,0.16861045561807605,52.46666666666667,107.66666666666667,4.333333333333333
Hybrid modeling,759,8.582142857142685,0.17118636018236738,50.13333333333333,117.0,10.666666666666666
Mixed methods,752,8.31428571428553,0.16606429522541005,50.06666666666667,108.0,11.333333333333334
Spatial data analysis,722,7.449999999999861,0.15542420027816123,47.93333333333333,103.33333333333333,6.666666666666667
privacy-preserving clustering,594,6.310714285714181,0.1593614718614692,39.6,79.66666666666667,4.0
Whole slide imaging,624,6.132142857142744,0.14811939268460736,41.4,88.0,9.333333333333334
Causal learning,677,5.357142857142765,0.11887151310228028,45.06666666666667,81.33333333333333,11.666666666666666
Wearable sensors,1050,5.078571428571378,0.07262018248672132,69.93333333333334,98.66666666666667,42.0
Dimensionality reduction,573,4.453571428571351,0.11699399549662041,38.06666666666667,65.0,14.666666666666666
academic dissemination,565,4.36785714285706,0.11657981698017064,37.46666666666667,66.66666666666667,16.333333333333332
Reinforcement learning,343,4.3357142857141815,0.19016290726816584,22.8,57.333333333333336,1.3333333333333333
Propensity score methods,343,3.7642857142856307,0.1655844155844119,22.733333333333334,50.666666666666664,5.333333333333333
Generative AI,233,3.692857142857037,0.23876231527092912,15.466666666666667,45.333333333333336,1.6666666666666667
Explainable AI,256,3.503571428571348,0.20854591836734215,16.8,45.0,2.0
healthcare education,747,3.4142857142856418,0.06892905210536289,49.53333333333333,81.66666666666667,42.333333333333336
persuasive health technology,333,3.1321428571427936,0.14108751608751324,22.2,40.666666666666664,6.0
cost effectiveness analysis,551,3.12142857142851,0.0849753694581264,36.733333333333334,66.0,33.333333333333336
Validation and benchmarking,387,2.971428571428493,0.11517165005536793,25.8,47.333333333333336,13.333333333333334
Closed-loop control,300,2.8535714285713807,0.14315575728618968,19.933333333333334,39.666666666666664,4.333333333333333
Digital phenotyping,205,2.8428571428570817,0.21006333567909471,13.533333333333333,31.666666666666668,0.6666666666666666
healthcare data quality,410,2.8321428571428,0.10386831994411247,27.266666666666666,50.333333333333336,19.0
Latent variable modeling,255,2.682142857142802,0.1596513605442144,16.8,33.333333333333336,1.6666666666666667
surveillance metrics,453,2.6785714285713755,0.08889064475347486,30.133333333333333,41.666666666666664,14.333333333333334
Multi-agent systems,397,2.5285714285713423,0.09577922077921752,26.4,45.666666666666664,18.333333333333332
Cardiac mapping,315,2.3464285714285347,0.11280906593406416,20.8,35.666666666666664,9.666666666666666
information transparency with patients,128,2.1749999999999416,0.25488281249999317,8.533333333333333,26.0,0.0
adoption decision process,237,2.157142857142826,0.1382783882783863,15.6,28.333333333333332,1.6666666666666667
Knowledge distillation,103,2.07499999999995,0.30218446601941024,6.866666666666666,27.666666666666668,0.0
Fuzzy logic methods,203,1.9678571428571066,0.14612800565770592,13.466666666666667,24.666666666666668,1.3333333333333333
Process automation,683,1.9214285714285573,0.042322215229703905,45.4,62.666666666666664,41.666666666666664
Weak supervision,135,1.8892857142856685,0.21307733619763178,8.866666666666667,25.333333333333332,0.6666666666666666
best basis selection,193,1.8535714285714087,0.1448102678571413,12.8,23.666666666666668,1.3333333333333333
Pulse waveform analysis,242,1.8249999999999775,0.11358921161825586,16.066666666666666,28.0,2.3333333333333335
Similarity measures,339,1.8107142857142735,0.08035714285714231,22.533333333333335,31.333333333333332,6.333333333333333
community and stakeholder engagement,154,1.8035714285713758,0.17682072829131137,10.2,25.666666666666668,4.666666666666667
Post-transcriptional regulation,389,1.6428571428571508,0.0633492471538747,25.933333333333334,33.0,8.333333333333334
Case-based reasoning,131,1.6285714285714001,0.18647764449290843,8.733333333333333,19.666666666666668,0.3333333333333333
Bias and fairness,205,1.5535714285713964,0.11367595818815096,13.666666666666666,26.0,11.333333333333334
Planned Behavior Theory,153,1.539285714285689,0.1509103641456558,10.2,17.333333333333332,1.0
Continuum mechanics,204,1.5142857142856894,0.11134453781512423,13.6,24.666666666666668,4.666666666666667
Multilevel modeling,134,1.3142857142856872,0.1482277121374835,8.866666666666667,17.666666666666668,3.6666666666666665
Theoretical frameworks,946,1.2892857142857166,0.020486531476997617,62.93333333333333,81.33333333333333,61.666666666666664
Medical image analysis,2412,1.2464285714285586,0.007777216543855398,160.26666666666668,204.33333333333334,208.33333333333334
demand analysis,124,1.210714285714265,0.14885831381732767,8.133333333333333,19.666666666666668,1.0
balancing strategies,88,1.164285714285696,0.19845779220778909,5.866666666666666,13.333333333333334,0.0
Cloud computing,582,1.1071428571428652,0.028583722645684987,38.733333333333334,44.333333333333336,31.333333333333332
Regularized regression,104,1.1035714285714184,0.15916895604395456,6.933333333333334,13.666666666666666,0.3333333333333333
Post-translational modifications,160,1.0142857142857082,0.09508928571428515,10.666666666666666,16.0,3.3333333333333335
Animal disease models,247,0.9821428571428458,0.059644303065355016,16.466666666666665,25.333333333333332,13.0
budget impact analysis,84,0.8642857142856962,0.15433673469387432,5.6,12.666666666666666,0.3333333333333333
Sleep staging,51,0.7571428571428379,0.22268907563024645,3.4,9.666666666666666,0.0
challenges and limitations,379,0.6571428571428576,0.026146267525577888,25.133333333333333,33.666666666666664,12.0
cost-benefit analysis,155,0.6535714285714235,0.06324884792626678,10.333333333333334,17.0,9.666666666666666
Dominant learning theories,56,0.6071428571428438,0.16865079365078994,3.6,7.666666666666667,0.0
Privacy in crowdsourcing,127,0.5107142857142921,0.06032058492688489,8.466666666666667,10.333333333333334,3.0
Inverse problems,45,0.38571428571428373,0.12857142857142792,3.0,5.0,0.3333333333333333
Biosignal acquisition,69,0.24285714285713442,0.05279503105589879,4.6,4.333333333333333,2.6666666666666665
dynamic treatment strategies,12,0.22499999999999454,0.28124999999999317,0.8,2.6666666666666665,0.0
healthcare delivery intervention development,14,0.20714285714284994,0.22193877551019636,0.9333333333333333,3.0,0.3333333333333333
competency framework,12,0.19999999999999427,0.2499999999999928,0.8,2.0,0.0
ergonomic risk evaluation,21,0.18928571428570717,0.135204081632648,1.4,3.0,0.0
offline policy evaluation,10,0.15714285714285367,0.23571428571428052,0.6666666666666666,2.0,0.0
Adaptive Kalman Filtering,21,0.13571428571429,0.09693877551020716,1.4,2.3333333333333335,0.3333333333333333
Censored data,12,0.09285714285713867,0.11607142857142333,0.8,1.3333333333333333,0.0
Assisted reproductive technologies,20,0.014285714285712073,0.010714285714284056,1.3333333333333333,1.3333333333333333,1.0
Alerting systems,144,-0.5357142857142806,-0.0558035714285709,9.6,9.333333333333334,15.666666666666666
Human–computer interaction,13064,-1.2285714285709881,-0.001412259286425383,869.9333333333333,968.3333333333334,1003.0
Computer graphics,229,-1.7357142857141934,-0.11369307548346244,15.266666666666667,5.333333333333333,14.0
