domain,topic,total,pre_covid_avg,during_covid_avg,post_covid_avg,pct_change_during,pct_change_post
methodology,Gene editing,1433,99.5,111.0,146.25,11.557788944723619,46.984924623115575
methodology,Sequence alignment,5804,491.5,451.0,490.25,-8.240081383519836,-0.254323499491353
methodology,Natural language processing,6928,370.0,625.0,817.75,68.91891891891892,121.0135135135135
methodology,Attention mechanisms,1321,52.0,84.0,217.5,61.53846153846154,318.2692307692308
methodology,healthcare education,747,44.5,52.0,75.5,16.853932584269664,69.66292134831461
methodology,Mathematical methods,4340,261.0,349.0,466.0,33.71647509578544,78.544061302682
methodology,evidence-based framework,4011,208.5,339.0,433.5,62.589928057553955,107.91366906474819
methodology,Graph neural networks,2981,113.5,172.0,428.0,51.541850220264315,277.09251101321587
methodology,information and knowledge management,5938,347.5,525.5,556.5,51.22302158273381,60.143884892086334
methodology,Machine learning methods,17706,791.0,1593.5,2615.0,101.45385587863464,230.59418457648547
methodology,Laboratory methods,4402,283.0,348.0,447.5,22.968197879858657,58.12720848056537
methodology,systematic screening,2561,138.5,222.0,345.5,60.28880866425993,149.45848375451263
methodology,Clinical trial methodology,6620,398.5,554.0,722.75,39.021329987452944,81.36762860727728
methodology,Depth imaging modalities,1542,91.0,102.0,194.5,12.087912087912088,113.73626373626374
methodology,Digital research methods,15022,1176.0,1357.5,1515.25,15.433673469387754,28.84778911564626
methodology,recommender algorithm,8242,521.5,674.0,745.0,29.242569511025884,42.857142857142854
methodology,Healthcare modeling,7993,405.0,676.0,1092.75,66.91358024691358,169.8148148148148
methodology,attribute-based access control policies,1607,93.0,138.0,185.0,48.38709677419355,98.9247311827957
methodology,Cognitive behavioral therapy,1068,52.0,106.5,147.5,104.8076923076923,183.65384615384613
methodology,Digital health,14215,933.5,1573.0,1410.25,68.50562399571504,51.071237279057314
methodology,child counselling,2,0.01,0.0,0.5,-100.0,4900.0
methodology,Health IT implementation,4481,241.5,388.0,430.75,60.66252587991718,78.36438923395445
methodology,Spatial data analysis,722,40.0,56.5,93.5,41.25,133.75
methodology,Theoretical frameworks,946,57.0,57.5,74.25,0.8771929824561403,30.263157894736842
methodology,surveillance metrics,453,24.0,52.0,42.25,116.66666666666667,76.04166666666666
methodology,Drug design,1509,61.5,129.0,212.25,109.75609756097562,245.1219512195122
methodology,Hybrid modeling,759,39.5,56.0,108.0,41.77215189873418,173.41772151898732
methodology,Reinforcement learning,343,17.5,22.5,51.75,28.57142857142857,195.7142857142857
methodology,Deep learning architectures,8913,442.0,750.5,1308.0,69.79638009049773,195.92760180995475
methodology,good simulation practice,790,38.5,93.0,100.5,141.55844155844156,161.03896103896105
methodology,probabilistic analysis,4114,247.0,272.5,390.25,10.323886639676113,57.99595141700404
methodology,academic dissemination,565,42.0,53.0,61.25,26.190476190476193,45.83333333333333
methodology,Bias and fairness,205,9.0,23.0,22.5,155.55555555555557,150.0
methodology,Medical image analysis,2412,118.0,152.5,194.0,29.23728813559322,64.40677966101694
methodology,challenges and limitations,379,16.0,18.5,29.25,15.625,82.8125
methodology,Healthcare surveys,1994,124.0,159.5,202.5,28.62903225806452,63.306451612903224
methodology,Cloud computing,582,43.5,46.5,43.25,6.896551724137931,-0.5747126436781609
methodology,Human–computer interaction,13064,837.5,783.5,934.0,-6.447761194029851,11.522388059701493
methodology,Time-frequency analysis,1955,125.0,159.0,217.75,27.200000000000003,74.2
methodology,Cardiac mapping,315,19.0,29.5,34.25,55.26315789473685,80.26315789473685
methodology,Mixed methods,752,36.0,82.5,96.5,129.16666666666669,168.05555555555557
methodology,adoption decision process,237,18.5,21.5,25.5,16.216216216216218,37.83783783783784
methodology,Health IT privacy,2203,110.5,197.0,284.5,78.28054298642535,157.4660633484163
methodology,healthcare data quality,410,19.0,31.0,48.75,63.1578947368421,156.57894736842107
methodology,privacy-preserving clustering,594,31.0,66.0,74.75,112.90322580645163,141.1290322580645
methodology,real-world effectiveness,1838,114.0,158.5,202.75,39.03508771929825,77.85087719298247
methodology,Animal disease models,247,10.5,20.5,23.0,95.23809523809523,119.04761904761905
methodology,cost-benefit analysis,155,10.0,10.5,15.25,5.0,52.5
methodology,Assisted reproductive technologies,20,2.5,1.5,1.25,-40.0,-50.0
methodology,Biosignal acquisition,69,8.5,6.0,5.0,-29.411764705882355,-41.17647058823529
methodology,Process automation,683,35.0,45.5,62.25,30.0,77.85714285714286
methodology,Wearable sensors,1050,66.5,95.0,96.0,42.857142857142854,44.3609022556391
methodology,persuasive health technology,333,19.0,36.0,39.0,89.47368421052632,105.26315789473684
methodology,multi-criteria decision-making,1143,70.0,93.5,138.5,33.57142857142857,97.85714285714285
methodology,specific health guidance,1624,88.0,160.0,166.5,81.81818181818183,89.20454545454545
methodology,Propensity score methods,343,12.5,36.5,46.0,192.0,268.0
methodology,Pulse waveform analysis,242,16.0,16.0,27.0,0.0,68.75
methodology,Privacy in crowdsourcing,127,10.5,13.5,8.75,28.57142857142857,-16.666666666666664
methodology,cost effectiveness analysis,551,25.0,45.5,61.0,82.0,144.0
methodology,budget impact analysis,84,6.0,7.0,10.5,16.666666666666664,75.0
methodology,Causal learning,677,44.0,52.0,75.75,18.181818181818183,72.1590909090909
methodology,Continuum mechanics,204,11.0,17.0,22.25,54.54545454545454,102.27272727272727
methodology,Explainable AI,256,10.0,22.5,40.25,125.0,302.5
methodology,Whole slide imaging,624,32.5,44.0,82.0,35.38461538461539,152.3076923076923
methodology,Validation and benchmarking,387,19.0,34.5,44.5,81.57894736842105,134.21052631578948
methodology,Case-based reasoning,131,10.0,8.5,20.0,-15.0,100.0
methodology,Knowledge distillation,103,0.01,3.5,23.5,34900.0,234900.0
methodology,Generative AI,233,8.5,15.0,41.75,76.47058823529412,391.1764705882353
methodology,community and stakeholder engagement,154,4.5,14.5,23.0,222.22222222222223,411.1111111111111
methodology,best basis selection,193,11.0,17.5,23.25,59.09090909090909,111.36363636363636
methodology,Latent variable modeling,255,11.5,27.0,31.75,134.7826086956522,176.08695652173913
methodology,Contrastive learning,1500,34.0,108.5,279.0,219.11764705882354,720.5882352941177
methodology,Multilevel modeling,134,4.0,12.0,17.5,200.0,337.5
methodology,competency framework,12,0.5,1.5,2.0,200.0,300.0
methodology,healthcare delivery intervention development,14,0.5,1.0,2.5,100.0,400.0
methodology,Planned Behavior Theory,153,8.5,17.5,18.0,105.88235294117648,111.76470588235294
methodology,healthcare equity,5,0.01,0.5,1.0,4900.0,9900.0
methodology,Dimensionality reduction,573,33.0,57.5,63.0,74.24242424242425,90.9090909090909
methodology,balancing strategies,88,4.5,8.5,13.5,88.88888888888889,200.0
methodology,Closed-loop control,300,20.5,22.5,38.0,9.75609756097561,85.36585365853658
methodology,Digital phenotyping,205,6.0,29.5,29.0,391.66666666666663,383.33333333333337
methodology,Alerting systems,144,7.5,7.5,8.25,0.0,10.0
methodology,information transparency with patients,128,2.5,13.5,23.5,440.00000000000006,840.0
methodology,ergonomic risk evaluation,21,0.01,2.0,2.5,19900.0,24900.000000000004
methodology,demand analysis,124,6.5,6.0,16.5,-7.6923076923076925,153.84615384615387
methodology,Computer graphics,229,13.5,2.5,4.25,-81.48148148148148,-68.51851851851852
methodology,comparative national analysis,9,1.0,1.0,1.0,0.0,0.0
methodology,Regularized regression,104,6.5,10.5,13.0,61.53846153846154,100.0
methodology,Multi-agent systems,397,18.0,36.5,44.0,102.77777777777777,144.44444444444443
methodology,provider shortages,7,0.01,1.0,0.25,9900.0,2400.0
methodology,contingent valuation,9,0.01,1.0,1.25,9900.0,12400.0
methodology,Similarity measures,339,22.0,25.5,31.75,15.909090909090908,44.31818181818182
methodology,Fuzzy logic methods,203,9.0,19.5,25.5,116.66666666666667,183.33333333333331
methodology,Dominant learning theories,56,3.5,6.0,6.25,71.42857142857143,78.57142857142857
methodology,Weak supervision,135,3.5,9.5,22.75,171.42857142857142,550.0
methodology,Post-transcriptional regulation,389,33.0,31.0,31.5,-6.0606060606060606,-4.545454545454546
methodology,advance directives,7,0.5,2.0,0.25,300.0,-50.0
methodology,vaccine prioritization,3,0.01,0.0,0.75,-100.0,7400.0
methodology,decentralized clinical trials,7,0.5,0.5,1.25,0.0,150.0
methodology,cancer risk perception,1,0.01,0.0,0.25,-100.0,2400.0
methodology,Sleep staging,51,0.5,4.0,9.0,700.0,1700.0
methodology,marketing of health services,6,0.5,0.0,0.25,-100.0,-50.0
methodology,Inverse problems,45,3.0,3.0,5.75,0.0,91.66666666666666
methodology,Class-incremental learning,7,0.01,0.0,1.75,-100.0,17400.0
methodology,Adaptive Kalman Filtering,21,2.0,1.0,2.0,-50.0,0.0
methodology,offline policy evaluation,10,0.5,1.0,1.5,100.0,200.0
methodology,Post-translational modifications,160,10.0,13.0,16.5,30.0,65.0
methodology,Censored data,12,0.01,1.0,1.25,9900.0,12400.0
methodology,terminology change analysis,1,0.01,0.0,0.0,-100.0,-100.0
methodology,nursing classifications,1,0.01,0.0,0.0,-100.0,-100.0
methodology,dynamic treatment strategies,12,0.01,0.0,3.0,-100.0,29900.0
methodology,risk reducing mastectomy,1,0.01,0.0,0.0,-100.0,-100.0
methodology,informative path planning,1,0.01,0.0,0.25,-100.0,2400.0
methodology,food knowledge base,1,0.01,0.0,0.0,-100.0,-100.0
methodology,normalized discounted cumulative gain,2,0.01,0.5,0.25,4900.0,2400.0
methodology,economic regions,2,0.01,0.0,0.5,-100.0,4900.0
health,Health research funding,683,40.0,61.0,86.75,52.5,116.875
health,Digital health,44501,2862.5,4054.5,4654.5,41.64192139737991,62.60262008733625
health,Cancer type distribution,4636,311.5,360.5,547.5,15.730337078651685,75.76243980738363
health,Privacy-preserving healthcare data,5068,149.0,820.5,606.5,450.6711409395973,307.04697986577185
health,Gene expression regulation,8036,550.0,621.5,789.5,13.0,43.54545454545454
health,Mental health,8143,464.0,787.5,1022.0,69.71982758620689,120.25862068965519
health,Neurological disorders,4842,259.5,387.0,626.25,49.13294797687861,141.32947976878614
health,Healthcare semantic interoperability,8799,562.5,799.5,835.5,42.13333333333333,48.53333333333333
health,Cancer screening,851,37.0,72.5,115.25,95.94594594594594,211.48648648648648
health,Clinical prognosis,5421,255.5,484.0,692.75,89.43248532289628,171.13502935420743
health,Circadian rhythms,1996,134.5,154.5,220.75,14.869888475836431,64.12639405204462
health,Computational biology,14363,1079.5,991.5,1280.0,-8.151922186197314,18.573413617415472
health,Infectious diseases,386,35.5,70.5,31.5,98.59154929577466,-11.267605633802818
health,Public health surveillance,5045,266.0,534.5,567.0,100.93984962406014,113.1578947368421
health,Medical image segmentation,2682,140.5,214.5,358.25,52.66903914590747,154.98220640569394
health,Eye diseases,799,42.5,71.0,101.5,67.05882352941175,138.8235294117647
health,Protein-ligand binding,3563,171.0,301.5,440.75,76.31578947368422,157.7485380116959
health,Respiratory diseases,1130,55.5,114.0,142.25,105.40540540540539,156.3063063063063
health,Hypertension,1614,96.0,153.5,190.75,59.895833333333336,98.69791666666666
health,Primary care,5781,344.0,516.5,593.5,50.145348837209305,72.52906976744185
health,Human factors,586,45.0,45.5,66.75,1.1111111111111112,48.333333333333336
health,Obesity,3462,258.5,344.5,351.5,33.26885880077369,35.97678916827853
health,Maternal and newborn care,940,53.5,94.5,120.5,76.63551401869158,125.23364485981307
health,Healthcare outcomes,6179,372.5,563.0,678.25,51.14093959731544,82.08053691275168
health,Medical diagnostics,3160,191.0,175.0,273.75,-8.37696335078534,43.324607329842934
health,Cardiomyopathy spectrum,1277,86.5,90.5,142.75,4.624277456647398,65.02890173410405
health,Cell biology,708,37.5,35.0,49.0,-6.666666666666667,30.666666666666664
health,Chronic inflammatory diseases,1316,87.5,115.5,135.0,32.0,54.285714285714285
health,Renal disease burden,625,33.0,39.0,81.75,18.181818181818183,147.72727272727272
health,Coronary artery disease,560,32.0,38.5,66.25,20.3125,107.03125
health,Antimicrobial stewardship,225,18.5,15.0,24.5,-18.91891891891892,32.432432432432435
health,Chronic pain,910,55.0,85.5,109.75,55.45454545454545,99.54545454545455
health,Nutritional support,230,12.5,25.5,27.0,104.0,115.99999999999999
health,Shared decision making,1066,56.0,93.5,106.75,66.96428571428571,90.625
health,Biomedical materials,1333,67.0,111.0,168.0,65.67164179104478,150.7462686567164
health,Cancer population genetics,2980,212.0,192.5,247.5,-9.19811320754717,16.745283018867923
health,Anesthesia management,1463,86.5,126.0,187.75,45.664739884393065,117.0520231213873
health,Bioethics in healthcare,162,8.0,18.5,18.0,131.25,125.0
health,Tumor immunology,2857,155.0,216.5,319.5,39.67741935483871,106.12903225806451
health,Prevention and rehabilitation,3146,214.0,314.0,349.75,46.728971962616825,63.43457943925234
health,Radiation therapy,375,29.0,37.0,38.25,27.586206896551722,31.896551724137932
health,Stem cell transplantation,224,17.5,10.0,18.25,-42.857142857142854,4.285714285714286
health,Drug information,2661,148.5,228.5,294.0,53.87205387205387,97.97979797979798
health,Vascular biology,807,48.5,57.0,87.75,17.525773195876287,80.9278350515464
health,COVID-19 pandemic,3535,105.0,507.0,424.75,382.8571428571429,304.5238095238095
health,Gut microbiota,1462,118.5,117.5,126.75,-0.8438818565400843,6.962025316455696
health,Ulcers and infections,131,10.5,17.0,11.0,61.904761904761905,4.761904761904762
health,Protein folding,2236,185.5,182.0,190.5,-1.8867924528301887,2.6954177897574128
health,Cancer survivors,103,2.0,15.0,12.25,650.0,512.5
health,Animal health,784,60.5,41.0,42.75,-32.231404958677686,-29.338842975206614
health,Biology of aging,1083,79.0,78.5,95.5,-0.6329113924050633,20.88607594936709
health,Liver diseases,131,5.5,14.5,13.25,163.63636363636365,140.9090909090909
health,Speech-language pathology,318,15.0,26.0,36.25,73.33333333333333,141.66666666666669
health,Attention mechanisms,1187,56.5,88.0,187.0,55.75221238938053,230.97345132743362
health,Dental caries,49,1.5,5.5,6.25,266.66666666666663,316.66666666666663
health,Active learning,219,10.0,17.5,32.0,75.0,220.00000000000003
health,Biomedical signal denoising,1265,77.0,83.0,145.25,7.792207792207792,88.63636363636364
health,Synthetic biology,478,42.0,30.0,34.0,-28.57142857142857,-19.047619047619047
health,Health behavior patterns,123,9.0,15.0,14.25,66.66666666666666,58.333333333333336
health,Barriers to care,1388,79.5,140.5,156.75,76.72955974842768,97.16981132075472
health,Implementation science,2794,155.0,271.5,312.0,75.16129032258064,101.29032258064517
health,Liquid chromatography,1826,107.5,145.0,215.5,34.883720930232556,100.46511627906978
health,Nursing homes,2084,93.0,159.5,171.0,71.50537634408603,83.87096774193549
health,Transgender health,590,28.0,33.0,34.0,17.857142857142858,21.428571428571427
health,Explainable medical AI,4243,202.5,404.0,582.0,99.50617283950616,187.4074074074074
health,Healthcare settings,1136,74.5,76.5,130.5,2.684563758389262,75.16778523489933
health,Energy metabolism,288,16.5,17.5,24.0,6.0606060606060606,45.45454545454545
health,Protein phosphorylation,1674,106.5,103.5,136.0,-2.8169014084507045,27.699530516431924
health,Hospital emergency care,2196,125.0,196.5,214.25,57.199999999999996,71.39999999999999
health,Viral proteins,288,13.0,29.5,22.0,126.92307692307692,69.23076923076923
health,Histopathology and Biopsy,266,13.5,22.0,36.75,62.96296296296296,172.22222222222223
health,Alcohol consumption,132,12.0,13.5,10.5,12.5,-12.5
health,Integrative medicine,826,56.0,75.0,78.75,33.92857142857143,40.625
health,Valvular heart disease,102,3.5,4.5,17.5,28.57142857142857,400.0
health,Peptides,388,30.5,31.0,37.25,1.639344262295082,22.131147540983605
health,Orthopedic fracture fixation,138,5.0,14.0,15.75,180.0,215.0
health,Transplant recipients,5,0.01,2.5,0.0,24900.000000000004,-100.0
health,Tobacco use,813,67.0,78.0,64.0,16.417910447761194,-4.477611940298507
health,Domestic violence,42,3.0,6.0,4.75,100.0,58.333333333333336
health,Spatio-temporal modeling,1789,88.0,121.0,235.0,37.5,167.04545454545453
health,Antiviral drugs,52,3.0,5.5,4.75,83.33333333333334,58.333333333333336
health,Outlier detection,105,5.0,9.5,15.75,90.0,215.0
health,Knee arthroplasty,225,12.0,20.0,26.75,66.66666666666666,122.91666666666667
health,Handling missing data,32,0.01,3.5,5.75,34900.0,57400.0
health,Clinical trial recruitment,248,16.0,21.5,34.25,34.375,114.0625
health,Health information seeking,368,23.5,36.0,36.0,53.191489361702125,53.191489361702125
health,Dose-response relationship,275,15.0,26.5,28.5,76.66666666666667,90.0
health,Sexual behavior,39,1.5,5.5,3.25,266.66666666666663,116.66666666666667
health,Cosmetics,5,0.01,1.0,0.5,9900.0,4900.0
health,Problematic internet use,34,2.0,2.5,5.75,25.0,187.5
health,Spinal disc pathology,2,0.01,0.0,0.5,-100.0,4900.0
health,Electrical activity,128,6.5,10.5,12.75,61.53846153846154,96.15384615384616
health,trinitrotoluene,1,0.01,0.5,0.0,4900.0,-100.0
health,united nations,2,0.01,0.0,0.5,-100.0,4900.0
health,Particle deposition,24,0.5,1.5,2.0,200.0,300.0
