topic,total,slope,relative_slope,mean_count,recent_count,early_count,r_squared,p_value,p_value_holm,significant_holm
Digital health technologies,32613,253.46785714285716,0.1170175697006204,2166.0666666666666,3659.0,850.3333333333334,0.9016212787495737,6.454449031826877e-08,5.034470244824964e-06,True
Computational cancer biology,11401,74.51071428571427,0.09848098636758429,756.6,1290.0,289.6666666666667,0.8699696116384354,4.0172242660954157e-07,2.8924014715886993e-05,True
Infectious diseases,11445,72.58928571428571,0.09538670921719541,761.0,1159.3333333333333,493.3333333333333,0.6349160283882752,0.0003761609737637182,0.008275541422801801,True
Psychiatric disorders,5585,52.50714285714286,0.14140164144652476,371.3333333333333,714.3333333333334,117.66666666666667,0.9150290812794724,2.4746321399865085e-08,1.979705711989207e-06,True
Cancer types and screening,5581,52.385714285714286,0.14173623995052564,369.6,772.6666666666666,141.33333333333334,0.839028441096373,1.6337917829797448e-06,9.639371519580495e-05,True
Genomic variant analysis,8841,49.52499999999999,0.08426440562613428,587.7333333333333,839.6666666666666,158.66666666666666,0.8242012631869673,2.918864863400751e-06,0.00015178097289683906,True
Physiological signals and AI methods,5561,47.86428571428572,0.12959644146467253,369.3333333333333,752.6666666666666,156.33333333333334,0.8106282524972923,4.766643093457935e-06,0.00022403222539252296,True
Gene expression regulation,7625,47.86071428571428,0.09443708422595556,506.8,817.3333333333334,180.0,0.9164419534850908,2.2176342652435955e-08,1.7962837548473123e-06,True
Translational and clinical research,5697,47.00714285714285,0.12418230765360035,378.53333333333336,711.6666666666666,177.0,0.8644218982074983,5.285072965407862e-07,3.6467003461314245e-05,True
Protein and gene networks,6485,44.703571428571436,0.10378479669224137,430.73333333333335,714.6666666666666,171.66666666666666,0.938008106993391,3.1535711015115975e-09,2.7120711472999736e-07,True
Decision support,5369,42.38928571428571,0.11904873351699788,356.06666666666666,687.3333333333334,184.33333333333334,0.8125784103939528,4.451948549355403e-06,0.00022133559960355536,True
Health policy landscape,3599,36.910714285714285,0.15405139518244693,239.6,530.3333333333334,99.33333333333333,0.7620215038402629,2.1600786864129877e-05,0.0008640314745651951,True
Prognosis and risk prediction,3723,34.657142857142844,0.14095909513480007,245.86666666666667,503.0,96.33333333333333,0.8259974814611188,2.7278592481850265e-06,0.00014730439940199142,True
Primary care delivery,4617,33.33214285714285,0.10862093044908597,306.8666666666667,566.3333333333334,175.66666666666666,0.816048484312337,3.9356058045859684e-06,0.0002007158960338844,True
Health behavior change,3611,31.79285714285714,0.13232321230378943,240.26666666666668,433.3333333333333,68.0,0.9196278715024583,1.7199064716517735e-08,1.4103233067544543e-06,True
Neurodegenerative diseases,3224,31.37142857142857,0.1469617203533506,213.46666666666667,449.6666666666667,71.0,0.8448461675784704,1.2823564066509275e-06,7.95060972123575e-05,True
Patient-provider communication,5692,29.885714285714283,0.07902092619173529,378.2,589.0,274.0,0.7035129480240069,9.321616711525189e-05,0.0027964850134575567,True
Population health surveillance,2577,28.48928571428571,0.16627987770983876,171.33333333333334,350.0,45.0,0.8377183712337302,1.7233210531155363e-06,9.822930002758556e-05,True
Drug discovery,2714,25.999999999999996,0.14460511679644045,179.8,372.3333333333333,67.66666666666667,0.8414823034422175,1.4767058336747791e-06,9.007905585416152e-05,True
Health information seeking,2963,25.632142857142853,0.12998044045204288,197.2,360.3333333333333,70.66666666666667,0.8554998143818584,8.033087691369818e-07,5.2215069993903815e-05,True
Medical devices,2359,24.760714285714283,0.15818173521538084,156.53333333333333,319.3333333333333,26.0,0.920788470377985,1.5638991028715852e-08,1.2980362553834156e-06,True
Emergency Department,2596,22.185714285714283,0.12888679871638817,172.13333333333333,323.6666666666667,78.66666666666667,0.8634881358242172,5.528744435820567e-07,3.7595462163579855e-05,True
Diabetes mellitus,2948,21.721428571428568,0.11082361516034983,196.0,334.6666666666667,81.66666666666667,0.8878103315195058,1.5260323128188184e-07,1.1445242346141139e-05,True
Mixed clinical conditions and demographics,5397,21.53928571428571,0.06009845344387755,358.4,563.3333333333334,343.6666666666667,0.43834226689802624,0.007168386132847247,0.08602063359416696,False
Cardiovascular diseases,1982,18.675,0.14190729483282677,131.6,262.0,47.666666666666664,0.8372651579846286,1.7552488260583636e-06,9.829393425926837e-05,True
Neuroscience and cognition,1822,18.178571428571427,0.150984812529663,120.4,238.0,26.666666666666668,0.9092179492434582,3.8145221117268604e-08,3.0134724682642198e-06,True
Genetic predisposition,3435,16.867857142857144,0.07391699010892701,228.2,321.0,90.0,0.8512656677221718,9.71242554832472e-07,6.21595235092782e-05,True
Determinants of health,1582,16.27857142857143,0.15454339963833635,105.33333333333333,225.33333333333334,34.666666666666664,0.812739833921008,4.426711992071107e-06,0.00022133559960355536,True
Countries and demographics,3372,15.996428571428572,0.071348923155346,224.2,368.6666666666667,228.33333333333334,0.4450396638066677,0.00659191023203997,0.08569483301651962,False
Drug safety surveillance,2391,14.2,0.08938313050776331,158.86666666666667,257.3333333333333,98.33333333333333,0.8659953207571863,4.895105763406858e-07,3.4265740343848006e-05,True
Health workforce education,1888,12.803571428571427,0.1020475937452558,125.46666666666667,230.0,81.0,0.7397421569057816,3.9128681859079e-05,0.001408632546926844,True
Health and functional status assessment,1247,12.510714285714284,0.15097402597402598,82.86666666666666,177.33333333333334,32.0,0.784583074313622,1.1167790974470644e-05,0.0004913828028767083,True
cancer immunotherapy,1436,12.328571428571427,0.1293206793206793,95.33333333333333,184.0,37.333333333333336,0.8586289188295967,6.956753883227118e-07,4.5914575629298975e-05,True
Surgical procedures,1306,11.185714285714283,0.1289667288898649,86.73333333333333,177.66666666666666,42.666666666666664,0.7646109281503093,2.0089408133586487e-05,0.0008236657334770459,True
Amino acid sequence,1629,10.767857142857142,0.09945680858550317,108.26666666666667,177.0,32.666666666666664,0.8691908444692399,4.1778060664470235e-07,2.9662423071773867e-05,True
Bayesian health modeling,1327,10.457142857142856,0.11874121336649723,88.06666666666666,161.33333333333334,30.333333333333332,0.936834952157934,3.5641748429296067e-09,3.0295486164901655e-07,True
Perinatal outcomes,1167,10.42142857142857,0.13475985221674877,77.33333333333333,140.66666666666666,25.0,0.8887748739774145,1.442073478318754e-07,1.0959758435222531e-05,True
Mixed health informatics safety topics,876,9.67142857142857,0.16636631716906947,58.13333333333333,131.33333333333334,16.0,0.8122579448439149,4.502412371779558e-06,0.00022133559960355536,True
Mixed terminology and histopathology,792,9.028571428571428,0.17340406072800438,52.06666666666667,123.33333333333333,8.666666666666666,0.8398382662047436,1.5804518492180816e-06,9.48271109530849e-05,True
Cardiac arrhythmias,1235,8.485714285714288,0.10331632653061226,82.13333333333334,147.66666666666666,47.0,0.8069427810613451,5.413270571791573e-06,0.0002490104463024124,True
Caregivers and care quality,1037,8.075,0.11691602316602316,69.06666666666666,123.33333333333333,29.333333333333332,0.8632042242422712,5.604698409544975e-07,3.7595462163579855e-05,True
Natural products and traditional medicine,978,7.932142857142858,0.1229154368358914,64.53333333333333,115.66666666666667,25.0,0.7544963805031731,2.6555701020690426e-05,0.0010356723398069266,True
Cardiorespiratory monitoring,933,7.324999999999998,0.11852750809061487,61.8,110.0,22.0,0.873951449646314,3.2755522095923954e-07,2.4239086350983726e-05,True
Myocardial infarction,796,7.285714285714284,0.13816145927397505,52.733333333333334,107.0,14.333333333333334,0.8288023418472419,2.450883915946209e-06,0.0001347986153770415,True
Motor imagery,569,6.814285714285714,0.18027210884353742,37.8,93.66666666666667,5.666666666666667,0.7220575541394807,6.059846828232381e-05,0.0020603479215990095,True
Upper airway disorders,679,6.703571428571427,0.14852817050010547,45.13333333333333,91.33333333333333,13.666666666666666,0.8480138636244016,1.1196632283195136e-06,7.053878338412936e-05,True
Signs and symptoms,703,6.514285714285714,0.13959183673469389,46.666666666666664,97.0,22.333333333333332,0.7734035892508444,1.5610443429072335e-05,0.0006712490674501104,True
Medical specialties,637,6.367857142857141,0.15042182227221593,42.333333333333336,100.66666666666667,17.666666666666668,0.6821064534032127,0.00014854035688159243,0.003862049278921403,True
Cardiovascular hemodynamics,1002,5.542857142857143,0.08339303625161197,66.46666666666667,111.33333333333333,45.0,0.6413214033662727,0.000333903362728413,0.007679777342753499,True
Older people,2224,5.103571428571428,0.03454583548220732,147.73333333333332,220.33333333333334,179.33333333333334,0.1160993252046991,0.21395006165156338,1.0,False
Cancer treatment modalities,609,5.053571428571428,0.12550260170293281,40.266666666666666,78.33333333333333,15.0,0.8390073337147504,1.6352022527664966e-06,9.639371519580495e-05,True
Protein-peptide binding,939,4.871428571428572,0.07790130977764241,62.53333333333333,90.0,24.0,0.8258574198451237,2.7423604228655694e-06,0.00014730439940199142,True
Microbial and fungal genomics,644,4.660714285714286,0.10889519359145527,42.8,74.66666666666667,11.666666666666666,0.8046983677573484,5.842512926467309e-06,0.0002629130816910289,True
Biomedical databases,3573,4.15,0.017432091851022125,238.06666666666666,303.6666666666667,179.0,0.06722949548950032,0.35072128117358137,1.0,False
Health program evaluation,1018,3.9321428571428556,0.058167793744716804,67.6,91.66666666666667,45.666666666666664,0.5296673785986937,0.0021001168219068897,0.035701985972417125,True
Aortic diseases,302,3.4285714285714284,0.1720019111323459,19.933333333333334,47.333333333333336,6.666666666666667,0.7101350407259159,8.017445096304635e-05,0.0024854079798544365,True
Clinical guidelines,536,2.8428571428571425,0.08015574650912996,35.46666666666667,52.666666666666664,20.333333333333332,0.7528659514198259,2.774832684221846e-05,0.0010544364200043015,True
Tumor immunology and microenvironment,374,2.7178571428571425,0.11018339768339766,24.666666666666668,44.666666666666664,12.333333333333334,0.6918898145788198,0.00012051566063320136,0.0033744384977296383,True
Sequence and structure prediction,199,2.6999999999999997,0.20351758793969846,13.266666666666667,34.333333333333336,2.0,0.7452536267159965,3.3940992590358787e-05,0.0012558167258432751,True
Causal mediation analysis,206,2.6607142857142856,0.195640756302521,13.6,33.333333333333336,1.6666666666666667,0.711599706654632,7.751109608758922e-05,0.0024812466187469785,True
Health semantic similarity,190,2.532142857142857,0.20096371882086167,12.6,34.0,2.0,0.6785943777268996,0.00015987749675753444,0.003996937418938361,True
Mass screening,270,2.3035714285714284,0.12893123667377399,17.866666666666667,30.333333333333332,7.333333333333333,0.6110059647831058,0.0005771039094661743,0.01211918209878966,True
Environmental health risks,283,2.15,0.11395759717314487,18.866666666666667,30.333333333333332,8.333333333333334,0.7705389744403874,1.6965076798359645e-05,0.0007125332255311051,True
Epitope analysis,156,1.8214285714285714,0.17513736263736263,10.4,24.0,2.0,0.7328246855700309,4.658548409610429e-05,0.0016304919433636502,True
Metabolic networks,573,1.7357142857142855,0.045516983016983016,38.13333333333333,45.333333333333336,22.333333333333332,0.3862912792421889,0.01338375442540398,0.14722129867944378,False
Lung nodules,171,1.6642857142857141,0.1485969387755102,11.2,21.666666666666668,2.0,0.9317120889682157,5.930872307341897e-09,4.981932738167193e-07,True
User-centered design,444,1.6392857142857145,0.055506288294098684,29.533333333333335,38.0,21.333333333333332,0.5182991432245201,0.002474062064414062,0.039584993030624994,True
Multimodal imaging,146,1.457142857142857,0.15178571428571427,9.6,20.333333333333332,1.6666666666666667,0.8722334004024145,3.5798577645601233e-07,2.61329616812889e-05,True
Repetitive DNA sequences,295,1.4357142857142857,0.07300242130750605,19.666666666666668,26.0,4.333333333333333,0.5510730199145221,0.0015271350145569418,0.029015565276581893,True
"Eye, ENT, and oral diseases",114,1.3,0.17256637168141595,7.533333333333333,19.333333333333332,3.0,0.5366701950703159,0.0018950569970961105,0.03411102594772999,True
Maternal and reproductive health,122,1.2357142857142855,0.15193208430913346,8.133333333333333,18.0,3.3333333333333335,0.7129120879120882,7.518929147718116e-05,0.0024812466187469785,True
Unclassified keyword cluster,91,1.0000000000000002,0.1648351648351649,6.066666666666666,13.333333333333334,0.3333333333333333,0.8947592671495532,1.0037302927030278e-07,7.728723253813313e-06,True
Cell signaling and oncogenic pathways,305,0.9535714285714285,0.04689695550351288,20.333333333333332,31.333333333333332,17.0,0.20281750246567032,0.09207099278338286,0.6791873121360753,False
Rare diseases,81,0.9535714285714285,0.17658730158730157,5.4,13.0,1.3333333333333333,0.6851549284945408,0.0001392651199886901,0.003760158239694632,True
Anatomical terminology,126,0.9357142857142857,0.11319124423963133,8.266666666666667,16.666666666666668,4.333333333333333,0.47795127928998493,0.0043088499993867505,0.060323899991414506,False
Endoscopic procedures,124,0.9035714285714286,0.11019163763066203,8.2,16.0,3.0,0.6961131894901688,0.00010989704683974462,0.003187014358352594,True
Privacy-preserving cryptography,56,0.5892857142857143,0.15784438775510204,3.7333333333333334,7.0,0.0,0.6528568231231615,0.0002680181685210846,0.0064324360445060305,True
Cardiac device prevalence,40,0.43928571428571433,0.16473214285714288,2.6666666666666665,6.0,0.0,0.5551247553816047,0.0014355161635677299,0.028710323271354598,True
Environmental biota and species,68,0.43571428571428567,0.09754797441364604,4.466666666666667,6.333333333333333,1.3333333333333333,0.5124403231729707,0.002688414107445356,0.04032621161168034,True
Post-translational modifications,233,0.40357142857142847,0.026434809731752953,15.266666666666667,15.0,7.666666666666667,0.11206644354989698,0.22260467364502498,1.0,False
Skin disease classification,29,0.3535714285714285,0.18288177339901474,1.9333333333333333,5.0,1.0,0.2847362101022621,0.0405005262196078,0.3645047359764702,False
Limited English Proficiency,22,0.225,0.1534090909090909,1.4666666666666666,3.3333333333333335,0.0,0.35675335570469796,0.01871668112140383,0.1871668112140383,False
Cures Act,13,0.13928571428571426,0.16071428571428567,0.8666666666666667,2.0,0.0,0.21109363434492961,0.08489841401700941,0.6791873121360753,False
Sensory evoked potentials,14,0.10714285714285714,0.11479591836734693,0.9333333333333333,2.3333333333333335,1.0,0.12891520244461416,0.18874769697570515,1.0,False
Ploidy variation,44,0.09285714285714286,0.03165584415584416,2.933333333333333,2.0,0.6666666666666666,0.03962175679899968,0.47695326761370704,1.0,False
Mixed medical imaging,12402,-2.692857142857141,-0.003261433762039331,825.6666666666666,942.3333333333334,981.6666666666666,0.004035860050582297,0.8220375392386242,1.0,False
