"topic","total","2011","2012","2013","2014","2015","2016","2017","2018","2019","2020","2021","2022","2023","2024","2025"
"Machine learning methods","29875","440","635","595","922","1080","1030","1077","1263","1794","2188","2798","3232","3374","4022","5248"
"Clinical decision support","15611","507","656","559","574","612","679","736","747","985","1333","1459","1378","1431","1635","2251"
"Software and usability research","13094","227","266","262","616","763","759","917","1030","1091","1143","1095","1178","1142","1248","1329"
"Genomics and sequence bioinformatics","9978","157","186","210","529","639","628","617","675","717","697","810","853","980","1014","1216"
"Statistical methods","9706","256","348","313","401","491","466","437","488","620","734","856","842","980","1010","1412"
"Mobile health and social media","7925","57","99","198","245","318","376","379","449","573","934","963","769","771","817","954"
"Medical image segmentation","6532","113","167","164","212","248","232","244","253","394","428","557","646","776","926","1122"
"Information dissemination","5964","182","192","218","218","211","289","262","315","416","596","649","493","598","623","688"
"Virtual medical simulation","5958","155","199","204","223","335","277","326","336","366","430","528","466","558","625","897"
"Bayesian and statistical modeling","5075","115","167","149","202","235","215","220","253","324","367","459","487","504","620","729"
"Clinical study designs","5067","153","203","177","186","192","172","193","235","310","415","485","463","517","587","758"
"Biomedical signal processing","4662","102","97","118","151","176","194","184","240","307","338","369","457","483","567","856"
"Drug discovery and evaluation","3840","78","101","113","129","153","158","173","178","243","323","368","332","421","453","598"
"Mixed deep learning applications","3795","63","63","98","100","108","134","123","149","168","212","362","415","487","532","754"
"eHealth and mobile applications","3147","39","30","59","92","90","160","146","170","255","433","391","333","299","322","323"
"Big data infrastructure and interoperability","2358","49","56","69","93","103","104","104","123","155","198","240","201","234","273","347"
"Qualitative research methods","2157","87","137","89","67","66","80","98","113","142","185","206","155","174","207","346"
"Ecological momentary assessment","2102","21","41","46","59","68","93","83","106","128","211","202","209","225","227","376"
"RNA-seq data analysis","2102","31","42","44","85","90","93","96","104","126","160","196","223","243","272","288"
"Knowledge graphs","1763","52","70","51","56","62","68","49","72","84","121","148","183","218","247","272"
"Clinical monitoring and surveillance","1680","4","15","30","35","55","69","70","63","60","163","219","166","213","258","257"
"Contrastive learning","1588","0","2","8","16","21","18","21","42","45","61","110","194","268","338","435"
"Biological modeling","1453","10","14","20","38","62","46","56","59","60","70","173","210","188","172","262"
"Mass spectrometry and ROC analysis","1306","43","56","40","72","83","57","68","75","105","95","115","102","121","125","145"
"Predictive and Markov modeling","1234","5","8","12","41","46","46","42","37","71","105","110","119","144","197","239"
"Mixed automation and optimization methods","1111","23","19","24","30","34","43","38","54","55","86","124","104","114","158","200"
"Large language models","1101","0","0","1","9","6","7","11","14","10","23","15","43","82","283","578"
"Named Entity Recognition","1019","30","31","38","36","51","42","54","41","72","87","93","100","106","108","125"
"Data visualization methods","996","5","16","29","33","35","41","30","67","61","69","73","117","122","138","155"
"Privacy and de-identification","970","10","5","29","38","40","51","39","42","60","88","98","98","102","131","137"
"Missing data imputation","875","0","1","16","25","30","23","34","44","43","74","107","101","96","126","150"
"Graph and network methods","845","1","1","13","22","35","25","27","29","47","45","74","135","119","132","136"
"Mixed reasoning and modeling methods","842","55","121","64","28","68","73","27","44","38","38","36","48","67","61","72"
"Cryo-electron microscopy","673","29","45","20","20","35","22","33","36","52","55","68","52","67","73","59"
"Multi-task and meta learning","657","0","2","2","7","12","16","11","18","29","38","63","87","109","116","136"
"Research ethics and patient involvement","646","16","16","36","21","15","25","36","32","47","59","48","40","74","66","113"
"Computer security","558","27","63","65","49","63","24","12","24","29","24","22","31","31","40","51"
"Neuroscience and cognitive psychology","556","28","20","20","18","20","13","21","21","34","38","53","32","48","59","126"
"Open access publishing","432","27","50","30","28","16","25","19","19","22","28","34","31","34","32","37"
"Transformer models","397","0","0","6","8","8","9","9","9","13","20","25","30","67","91","101"
"Data augmentation","388","0","0","3","4","5","6","10","10","7","19","37","56","64","65","97"
"Immunological techniques","385","16","14","8","19","20","18","25","15","29","24","32","37","38","35","52"
"Clinical data standards","357","1","3","9","12","11","10","14","18","24","25","44","29","42","51","63"
"Mixed mathematical and geometric methods","354","0","0","9","21","17","18","25","20","18","19","28","33","32","40","73"
"Behavioral theories","321","2","1","2","10","9","17","16","18","23","29","38","36","27","34","56"
"Data governance and standards","288","0","0","1","5","9","7","7","8","15","20","28","35","33","49","70"
"High-throughput screening","284","10","11","13","12","28","15","20","21","14","15","14","18","23","30","38"
"Diffusion generative models","265","0","0","6","6","6","16","5","7","9","12","10","15","36","50","82"
"Microarray analysis","260","23","28","13","35","24","21","28","10","14","7","7","9","14","15","11"
"Gene editing","248","14","14","14","15","12","18","16","13","23","13","10","21","28","17","20"
"Generative AI and corpus methods","211","0","0","4","3","4","8","7","6","3","14","14","16","15","44","73"
"Serious games","198","3","2","5","5","5","11","7","5","18","9","28","17","29","26","28"
"Algorithmic bias","197","0","5","0","7","0","7","3","7","12","12","23","27","16","38","39"
"Mixed clinical NLP applications","180","0","2","3","3","4","5","8","9","15","22","11","20","14","28","34"
"Pilot studies and synthetic data","176","21","35","25","9","18","3","4","10","3","10","4","4","8","6","16"
"Ultrasound and echocardiography","174","4","2","2","5","10","10","9","13","11","12","14","21","7","20","34"
"Federated learning","155","0","0","0","1","0","0","0","1","0","4","8","14","43","35","48"
"Agent-based Modeling","141","1","1","1","3","6","5","2","6","9","11","19","11","13","29","21"
"Mixed psychological and measurement theories","99","1","1","3","2","3","6","8","7","10","11","6","8","9","9","14"
"Knowledge distillation","98","0","0","0","0","0","0","2","0","1","0","6","12","16","23","38"
"Mixed engineering and imaging acronyms","97","0","0","3","7","3","8","5","8","6","6","7","7","11","9","17"
"Fractal dimension","65","0","0","1","4","5","3","7","5","5","7","3","4","4","8","9"
"Transfer learning variants","41","0","0","0","0","0","0","0","1","1","2","5","7","5","10","10"
"Content-based image retrieval","40","0","0","0","1","2","4","3","2","6","2","7","1","2","4","6"
"Biobanking methodologies","32","0","0","0","2","2","1","2","0","1","2","3","3","2","8","6"
"All of Us","29","0","1","0","0","0","0","0","0","0","0","1","4","4","14","4"
"Additive manufacturing optimization","24","0","1","0","1","0","0","0","3","4","2","1","3","5","0","4"
"Assisted reproduction","19","0","0","1","1","0","0","1","0","2","2","1","2","3","2","4"
"Distributed ledger technology","19","0","0","0","0","0","0","1","0","6","4","2","3","2","0","1"
"Mixed narrative and language studies","16","0","0","2","1","1","0","0","1","1","1","4","1","1","3","0"
