topic,slope,p,n,sig,p_holm,pct
Machine learning methods,0.04137920608223502,1.756036810669472e-12,29698.0,True,1.0887428226150727e-10,4.224725711789645
Clinical decision support,-0.024262622087488892,0.008523360406164868,15542.0,False,0.24717745177878117,-2.397065076873106
Clinical study designs,-0.11534016846759415,5.428606159023892e-13,14528.0,True,3.420021880185052e-11,-10.893701918222165
Software and usability research,-0.03776593913576904,0.002946477106516863,13066.0,False,0.10018022162157333,-3.706169931292369
Genomics and sequence bioinformatics,-0.028896376752322425,0.01744705404216668,9928.0,False,0.436176351054167,-2.848286898889263
Statistical methods,-0.021738212672009857,0.0011873986562723406,9671.0,True,0.044522322761273755,-2.1503640527922308
Mobile health and social media,0.006135371967282124,0.6700263362660868,7902.0,False,1.0,0.6154231913069408
Medical image segmentation,0.03296122046550534,0.0009365600300288607,6482.0,True,0.037462401201154426,3.3510459409660687
Information dissemination,-0.026192196635575874,0.0033676137387049936,5950.0,False,0.1109140071265977,-2.585215632280158
Virtual medical simulation,-0.023478605079118323,0.003361030518987809,5925.0,False,0.1109140071265977,-2.320512710569167
Bayesian and statistical modeling,-0.006988451982339903,0.29112320335324227,5046.0,False,1.0,-0.6964089536747542
Biomedical signal processing,0.02268493830892276,0.004434469587829916,4639.0,False,0.13303408763489746,2.2944198242209612
Drug discovery and evaluation,0.007234897464944414,0.16751741649692886,3821.0,False,1.0,0.7261132566868556
Mixed deep learning applications,0.061870471559480424,1.7463276727050767e-06,3768.0,True,8.906271130795891e-05,6.382454026974038
eHealth and mobile applications,0.005908354789043194,0.769690434534785,3142.0,False,1.0,0.5925843543489906
Big data infrastructure and interoperability,-0.002218192157714743,0.5742886678620711,2349.0,False,1.0,-0.22157337875389205
Qualitative research methods,-0.03693633238852185,0.05247603545845977,2152.0,False,1.0,-3.6262507739967087
Ecological momentary assessment,0.03294336005269823,7.258580063862686e-06,2095.0,True,0.0003556704231292716,3.3492000651056175
RNA-seq data analysis,0.013694469639943216,0.058160153202062026,2093.0,False,1.0,1.3788668398817316
Knowledge graphs,0.012983468782255966,0.45242728143110655,1753.0,False,1.0,1.306811997170132
Clinical monitoring and surveillance,0.06560687155131156,0.0001841420475082661,1677.0,True,0.008286392137871974,6.780684939021753
Contrastive learning,0.23067571559553077,1.0985361774424822e-28,1579.0,True,7.689753242097376e-27,25.94507529825265
Biological modeling,0.06794492838901285,0.00031915891193860357,1440.0,True,0.014042992125298557,7.030636336000784
Missing data imputation,-0.027356122435659276,0.009726174274801868,1391.0,False,0.2723328796944523,-2.6985332536708984
Mass spectrometry and ROC analysis,-0.054075753838072844,1.6336481072974594e-13,1302.0,True,1.045534788670374e-11,-5.263966239816353
Predictive and Markov modeling,0.0787055080296394,2.8262295425466067e-09,1222.0,True,1.639213134677032e-07,8.188566850993585
Mixed automation and optimization methods,0.04241919404549616,1.0842378017349682e-05,1106.0,True,0.0005204341448327847,4.333174554975239
Large language models,0.5030751348725079,1.3128895060267561e-08,1082.0,True,7.220892283147159e-07,65.37991145004447
Named Entity Recognition,-0.023284364653584494,0.0025927170813509104,1014.0,False,0.09333781492863277,-2.3015375625814016
Data visualization methods,0.03668466711491099,0.010019987281539664,991.0,False,0.2723328796944523,3.7365853690050743
Privacy and de-identification,0.02168903511662704,0.075202732886921,968.0,False,1.0,2.1925951971155877
Graph and network methods,0.08687203483151879,0.00017953235905323342,841.0,True,0.008258488516448738,9.075709187224357
Mixed reasoning and modeling methods,-0.15633069192802743,5.081063014193172e-08,840.0,True,2.6421527673804493e-06,-14.472368937158532
Cryo-electron microscopy,-0.056542123235700986,0.00114159801951984,666.0,True,0.044522322761273755,-5.497332392469712
Multi-task and meta learning,0.16159534390676272,3.235498813350116e-17,646.0,True,2.1677842049445777e-15,17.538451856810045
Research ethics and patient involvement,-0.005173417128033787,0.7846308666252492,644.0,False,1.0,-0.5160058052927852
Computer security,-0.16849710558826791,3.2068779452340303e-09,555.0,True,1.8279204287833972e-07,-15.506629099856273
Neuroscience and cognitive psychology,0.00215311293212952,0.9383623512026867,551.0,False,1.0,0.21554325442756372
Open access publishing,-0.12873612118837793,1.3458509766403068e-09,432.0,True,7.94052076217781e-08,-12.079406124388036
Transformer models,0.1808633518212113,6.299051639778081e-10,396.0,True,3.779430983866848e-08,19.82514292298452
Data augmentation,0.19224198926117855,3.896375434269849e-16,383.0,True,2.5716077866181002e-14,21.19637636979419
Immunological techniques,-0.037250606216994844,0.0036574033195348075,382.0,False,0.11337950290557904,-3.6565337623056804
Clinical data standards,0.056816453606407594,4.746746947479476e-05,356.0,True,0.002230971065315354,5.846151577103065
Mixed mathematical and geometric methods,0.02642076369172398,0.3022842556049308,353.0,False,1.0,2.6772886345403535
Behavioral theories,0.04365983301114763,0.013385031934450559,318.0,False,0.34801083029571456,4.462694683984747
Data governance and standards,0.1434043459956395,1.3615220136046914e-18,287.0,True,9.39450189387237e-17,15.419640201899899
High-throughput screening,-0.0714049738541381,0.0005122670607485204,284.0,True,0.021515216551437857,-6.891524921350001
Diffusion generative models,0.1524609550285472,0.00048566799484914806,260.0,True,0.020883723778513368,16.4696985646251
Gene editing,-0.11230612998456678,3.1178686798873586e-10,262.0,True,1.9018998947312886e-08,-10.622939436573542
Microarray analysis,-0.21473293464216245,1.7302146863813372e-18,259.0,True,1.1765459867393092e-16,-19.324313177893803
Generative AI and corpus methods,0.18199812969378779,3.636885413460464e-06,211.0,True,0.00018184427067302318,19.961195023608735
Serious games,0.03922274041419849,0.09262600353340314,198.0,False,1.0,4.000210835349094
Algorithmic bias,0.10781566638058963,0.0009019916939738602,196.0,True,0.03698165945292827,11.384240785925082
Mixed clinical NLP applications,0.07131206818027458,0.001165048432659235,178.0,True,0.044522322761273755,7.391630868951471
Pilot studies and synthetic data,-0.25084690123539966,2.0413081682939962e-08,176.0,True,1.102306410878758e-06,-22.185850505853686
Ultrasound and echocardiography,0.010532281472629306,0.6458291708131106,174.0,False,1.0,1.058794118543127
Federated learning,0.38218409150863225,4.0259372251793616e-08,154.0,True,2.1337467293450617e-06,46.548184306548876
Agent-based Modeling,0.07681507959281725,0.002775658293665575,138.0,False,0.09714804027829511,7.984237303724129
Mixed psychological and measurement theories,-0.006886434407750316,0.75832272310567,98.0,False,1.0,-0.6862777253952901
Knowledge distillation,0.4142933835708918,2.1145997976406585e-14,98.0,True,1.374489868466428e-12,51.33010394256681
Mixed engineering and imaging acronyms,8.71175885903929e-05,0.9975581652957186,97.0,False,1.0,0.008712138343769382
Fractal dimension,-0.02274565693455026,0.4827033671165315,65.0,False,1.0,-2.2488924678422895
Transfer learning variants,0.268160543649207,4.865316282150665e-09,41.0,True,2.7245771180043724e-07,30.75570431444308
Content-based image retrieval,-0.0024945932963436634,0.956483918533915,40.0,False,1.0,-0.24914843841810086
Biobanking methodologies,0.08157698122775113,0.09166668465296611,32.0,False,1.0,8.49967387502324
All of Us,0.31079722967541507,0.06617718972940727,28.0,False,1.0,36.451251048809866
Additive manufacturing optimization,0.03232348471446355,0.6076448324506158,24.0,False,1.0,3.2851562963860825
Assisted reproduction,0.0721678781597808,0.1259821226253545,19.0,False,1.0,7.483577036976796
Distributed ledger technology,0.016342047503655092,0.8572727957472566,19.0,False,1.0,1.6476309134855427
Mixed narrative and language studies,-0.04608661814434683,0.4788475599879155,16.0,False,1.0,-4.504075818922903
