year,n,median_authors,mean_authors,p25_authors,p75_authors,max_authors,median_affs,mean_affs,pct_clinical_only,pct_computational_only,pct_interdisciplinary,pct_neither
2011,1494,5.0,5.975903614457831,3.0,7.0,61,1.0,1.0046854082998662,21.352074966532797,21.485943775100402,5.421686746987952,51.74029451137885
2012,1862,4.5,5.703544575725027,3.0,7.0,69,1.0,0.9887218045112782,19.441460794844254,23.899033297529538,4.457572502685284,52.201933404940924
2013,2068,5.0,5.897969052224371,3.0,7.0,102,1.0,1.028688524590164,20.74795081967213,23.71926229508197,4.815573770491803,50.7172131147541
2014,2870,5.0,5.849128919860627,3.0,7.0,101,1.0,2.0093808630393997,19.587242026266416,28.930581613508444,16.435272045028142,35.046904315197
2015,3294,5.0,5.909532483302975,3.0,7.0,95,1.0,2.3471368489162083,18.893561954060175,28.340342931090262,17.696538337107732,35.06955677774183
2016,3525,5.0,5.811347517730496,3.0,7.0,59,2.0,2.8372508182088665,20.767628681939897,27.819101457899436,19.0717048497471,32.34156501041357
2017,3705,5.0,6.121727395411606,3.0,7.0,100,3.0,3.4664210824596204,24.312836497591388,24.284499858316806,21.365826013034855,30.036837631056954
2018,4192,5.0,6.611164122137405,3.0,8.0,130,3.0,3.788220551378446,24.43609022556391,24.93734335839599,23.609022556390975,27.017543859649123
2019,5458,5.0,6.506595822645658,3.0,7.0,71,3.0,3.9070438799076213,26.385681293302543,23.960739030023095,23.979984603541187,25.673595073133182
2020,6647,5.0,6.772679404242515,4.0,8.0,113,3.0,4.167063303188957,29.652546406473107,21.10106298587974,24.496271616690464,24.750118990956686
2021,7404,6.0,6.955969746083198,4.0,8.0,116,3.0,4.264819311526924,26.667618911584057,23.239537208970145,27.181831166976146,22.91101271246965
2022,7412,6.0,7.179168915272531,4.0,8.0,145,3.0,4.403355215171408,25.28081692195478,27.25018234865062,28.183807439824943,19.28519328956966
2023,7686,6.0,7.389799635701275,4.0,9.0,200,3.0,4.486101312261888,27.162410046564133,25.41272752927896,27.896147876393396,19.52871454776351
2024,8554,6.0,7.519523030161328,4.0,9.0,139,4.0,4.642533366910098,27.839335180055404,23.961218836565095,29.95467136741375,18.24477461596575
2025,11073,6.0,7.783437189560192,4.0,9.0,634,4.0,4.85068562722194,32.513966480446925,19.979685119349924,28.83697308278314,18.66937531742001
