journal,n,mean_auth,median_auth,max_auth,mean_aff,pct_aff_coverage,pct_inter,abbr
Applied Clinical Informatics,1353,6.500369549150037,6.0,31,3.8654841093865486,96.52623798965261,42.71988174427199,Appl Clin Inform
Artificial Intelligence in Medicine,1586,5.3833543505674655,5.0,47,2.7812105926860027,99.87389659520807,26.48171500630517,Artif Intell Med
BMC Medical Informatics and Decision Making,3654,6.195128626163109,6.0,44,3.5730706075533663,98.19376026272579,26.956759715380407,BMC Med Inform
BMJ Health & Care Informatics,399,6.887218045112782,6.0,50,4.676691729323308,99.74937343358395,32.83208020050125,BMJ Health Care
Bioinformatics,9564,5.0167294019238815,4.0,95,2.8898996235884566,99.44583856127144,19.5211208699289,Bioinformatics
Briefings in Bioinformatics,4579,6.0303559729198515,5.0,55,3.1515614763048703,90.78401397685084,19.021620441144353,Brief Bioinform
Computers in Biology and Medicine,8973,5.517552657973922,5.0,145,2.8157806753594117,99.97771091050932,22.701437646272147,Comput Biol Med
Database: The Journal of Biological Databases and Curation,1623,7.543438077634011,6.0,101,2.9396179913739986,99.44547134935306,15.89648798521257,Database
Digital Biomarkers,148,7.9391891891891895,6.0,42,5.27027027027027,100.0,23.64864864864865,Digit Biomark
Frontiers in Digital Health,1458,6.680384087791495,6.0,95,4.183813443072703,99.86282578875172,22.359396433470508,Front Digit Health
Health Informatics Journal,1063,4.841956726246472,4.0,28,2.7779868297271872,100.0,7.337723424270931,Health Inform J
IEEE Journal of Biomedical and Health Informatics (J-BHI),5071,5.776572668112799,5.0,48,,0.37467955038453954,,IEEE J-BHI
International Journal of Medical Informatics (IJMI),2848,5.686095505617978,5.0,50,3.021418539325843,99.92977528089888,25.877808988764045,IJMI
JAMIA Open,837,7.464755077658303,7.0,43,4.682198327359617,100.0,51.493428912783756,JAMIA Open
JMIR Medical Informatics (JMI),1684,6.618764845605701,6.0,39,3.9994061757719717,100.0,36.46080760095012,JMIR Med Inform
JMIR mHealth and uHealth,2872,6.603064066852368,6.0,53,3.9300139275766015,99.93036211699165,16.469359331476323,JMIR mHealth
Journal of Biomedical Informatics (JBI),2744,5.362973760932944,5.0,59,2.7215743440233235,100.0,33.09037900874635,JBI
Journal of Clinical and Translational Science,1204,8.106312292358805,7.0,63,5.48172757475083,99.66777408637874,20.84717607973422,J Clin Transl Sci
Journal of Innovation in Health Informatics,119,4.319327731092437,4.0,13,2.327731092436975,98.31932773109243,14.285714285714285,J Innov Health Inform
Journal of Medical Internet Research (JMIR),9728,6.640830592105263,6.0,78,3.9732730263157894,99.86636513157895,17.228618421052634,JMIR
Journal of Medical Systems,2755,4.494736842105263,4.0,39,2.4235934664246823,99.96370235934664,11.90562613430127,J Med Syst
Journal of the American Medical Informatics Association (JAMIA),3213,7.007158418923125,6.0,89,4.075941487706194,99.81325863678805,45.44039838157485,JAMIA
Methods of Information in Medicine,652,5.604294478527607,5.0,38,1.7576687116564418,91.71779141104295,18.711656441717793,Methods Inf Med
Nature Medicine,3479,19.269042828398966,17.0,634,9.63322793906295,96.8381718884737,25.409600459902272,Nat Med
Nature Methods,2546,10.582089552238806,8.0,129,5.440691280439906,99.09662215239592,22.270227808326787,Nat Methods
PLOS Digital Health,824,8.04368932038835,6.5,73,5.450242718446602,99.87864077669903,35.31553398058252,PLOS Digit Health
The Lancet Digital Health,444,15.5990990990991,13.0,99,8.39864864864865,99.77477477477478,51.126126126126124,Lancet Digit Health
npj Digital Medicine,2147,9.468560782487192,8.0,87,5.952026082906381,100.0,43.036795528644625,npj Digit Med
