domain,topic,total,pre_covid_avg,during_covid_avg,post_covid_avg,pct_change_during,pct_change_post,p_value_during,p_value_post
methodology,Genomics and sequence bioinformatics,9978,696.0,753.5,1015.75,8.261494252873563,45.94109195402299,0.0020539146650855127,8.392019575716363e-130
methodology,Machine learning methods,29875,1528.5,2493.0,3969.0,63.10107948969578,159.66633954857704,1.1040105345127e-266,0.0
methodology,Virtual medical simulation,5958,351.0,479.0,636.5,36.46723646723647,81.33903133903134,4.368275693212328e-22,5.142960594341317e-204
methodology,Neuroscience and cognitive psychology,556,27.5,45.5,66.25,65.45454545454545,140.9090909090909,1.2084991155284942e-06,2.0109766771131306e-49
methodology,Information dissemination,5964,365.5,622.5,600.5,70.31463748290014,64.29548563611492,1.3835231015142584e-80,1.869173145443794e-133
methodology,Clinical decision support,15611,866.0,1396.0,1673.75,61.20092378752887,93.27367205542726,4.220430558368885e-143,0.0
methodology,Medical image segmentation,6532,323.5,492.5,867.5,52.24111282843895,168.16074188562598,2.7119655052397073e-40,0.0
methodology,Graph and network methods,845,38.0,59.5,130.5,56.57894736842105,243.42105263157893,8.120944508473227e-07,7.059962304715848e-198
methodology,Mixed deep learning applications,3795,158.5,287.0,547.0,81.07255520504731,245.11041009463722,3.1364957800482067e-47,0.0
methodology,Statistical methods,9706,554.0,795.0,1061.0,43.501805054151625,91.51624548736463,1.614226709913965e-47,0.0
methodology,Drug discovery and evaluation,3840,210.5,345.5,451.0,64.13301662707839,114.25178147268409,1.510824225277764e-39,5.176426526599902e-241
methodology,Big data infrastructure and interoperability,2358,139.0,219.0,263.75,57.55395683453237,89.74820143884892,8.297653221151591e-22,2.125331355355237e-99
methodology,Missing data imputation,875,43.5,90.5,118.25,108.04597701149426,171.83908045977012,6.921871830891666e-24,9.45582667609897e-114
methodology,Biomedical signal processing,4662,273.5,353.5,590.75,29.250457038391225,115.9963436928702,7.858408098982537e-12,0.0
methodology,Software and usability research,13094,1060.5,1119.0,1224.25,5.516265912305516,15.44082979726544,0.011070089290666486,8.581758534319179e-24
methodology,Bayesian and statistical modeling,5075,288.5,413.0,585.0,43.154246100519934,102.77296360485269,3.5401485876469318e-25,4.792674946784125e-267
methodology,Predictive and Markov modeling,1234,54.0,107.5,174.75,99.07407407407408,223.61111111111111,7.3391478169290935e-25,7.190359331522076e-237
methodology,Research ethics and patient involvement,646,39.5,53.5,73.25,35.44303797468354,85.44303797468355,0.0016313296984684722,6.60276945732502e-27
methodology,Ecological momentary assessment,2102,117.0,206.5,259.25,76.49572649572649,121.58119658119656,1.2507854281526211e-31,1.8176635251102657e-152
methodology,Clinical study designs,5067,272.5,450.0,581.25,65.13761467889908,113.30275229357798,3.2006815880189935e-52,2.998699074870536e-306
methodology,Cryo-electron microscopy,673,44.0,61.5,62.75,39.77272727272727,42.61363636363637,0.00019071173228196937,1.5736168988865977e-08
methodology,High-throughput screening,284,17.5,14.5,27.25,-17.142857142857142,55.714285714285715,0.31049443431723206,3.1407851372924363e-06
methodology,Data visualization methods,996,64.0,71.0,133.0,10.9375,107.8125,0.21592493894013678,1.1189936789809687e-66
methodology,Biological modeling,1453,59.5,121.5,208.0,104.20168067226892,249.57983193277312,6.100706529399822e-30,0.0
methodology,Contrastive learning,1588,43.5,85.5,308.75,96.55172413793103,609.7701149425287,2.1420587282948531e-19,0.0
methodology,Large language models,1101,12.0,19.0,246.5,58.333333333333336,1954.1666666666667,0.004266724822176131,0.0
methodology,Open access publishing,432,20.5,31.0,33.5,51.21951219512195,63.41463414634146,0.001039363099133524,9.332230546775568e-09
methodology,Microarray analysis,260,12.0,7.0,12.25,-41.66666666666667,2.083333333333333,0.04122683333716372,0.8852339144732015
methodology,Mobile health and social media,7925,511.0,948.5,827.75,85.61643835616438,61.986301369863014,6.159744199240337e-165,8.197802163887811e-173
methodology,RNA-seq data analysis,2102,115.0,178.0,256.5,54.78260869565217,123.04347826086956,9.716960476706698e-17,1.790102318800975e-153
methodology,Mass spectrometry and ROC analysis,1306,90.0,105.0,123.25,16.666666666666664,36.94444444444444,0.025347318677468252,2.388032443807225e-12
methodology,Clinical monitoring and surveillance,1680,61.5,191.0,223.5,210.5691056910569,263.4146341463415,1.2774511182563342e-120,0.0
methodology,Qualitative research methods,2157,127.5,195.5,220.5,53.333333333333336,72.94117647058823,1.6423438306810268e-17,5.78906359139201e-61
methodology,Algorithmic bias,197,9.5,17.5,30.0,84.21052631578947,215.78947368421052,0.00024193279086066012,2.2488709638607387e-40
methodology,Privacy and de-identification,970,51.0,93.0,117.0,82.35294117647058,129.41176470588235,9.003580541482854e-17,2.793656510402134e-76
methodology,Computer security,558,26.5,23.0,38.25,-13.20754716981132,44.339622641509436,0.3362887904028663,4.993906506374888e-06
methodology,Ultrasound and echocardiography,174,12.0,13.0,20.5,8.333333333333332,70.83333333333334,0.6830913983096086,9.225533466358129e-07
methodology,Pilot studies and synthetic data,176,6.5,7.0,8.5,7.6923076923076925,30.76923076923077,0.7815112949987134,0.1166644647810231
methodology,Mixed reasoning and modeling methods,842,41.0,37.0,62.0,-9.75609756097561,51.21951219512195,0.37699199323712684,5.40616711159467e-11
methodology,Knowledge graphs,1763,78.0,134.5,230.0,72.43589743589743,194.87179487179486,1.4662657803219582e-19,1.2140669001301113e-259
methodology,Mixed automation and optimization methods,1111,54.5,105.0,144.0,92.66055045871559,164.2201834862385,3.887018247914144e-22,7.143215810752633e-130
methodology,Immunological techniques,385,22.0,28.0,40.5,27.27272727272727,84.0909090909091,0.0704404292720881,3.0602035957193643e-15
methodology,Serious games,198,11.5,18.5,25.0,60.86956521739131,117.3913043478261,0.0035092897047450653,1.694644499819699e-15
methodology,Federated learning,155,0.5,6.0,35.0,,,,
methodology,Data governance and standards,288,11.5,24.0,46.75,108.69565217391303,306.52173913043475,1.8595088033524758e-07,5.407634558847193e-96
methodology,Named Entity Recognition,1019,56.5,90.0,109.75,59.29203539823009,94.24778761061947,2.9225974164589267e-10,1.434331014411385e-45
methodology,eHealth and mobile applications,3147,212.5,412.0,319.25,93.88235294117648,50.23529411764706,1.873687512455088e-83,1.4292724702340904e-48
methodology,Generative AI and corpus methods,211,4.5,14.0,37.0,211.11111111111111,722.2222222222223,2.399204523116399e-10,3.451754044939248e-206
methodology,Mixed clinical NLP applications,180,12.0,16.5,24.0,37.5,100.0,0.06619257972219346,4.262191597843651e-12
methodology,Behavioral theories,321,20.5,33.5,38.25,63.41463414634146,86.58536585365853,4.896400204355141e-05,4.482617364132076e-15
methodology,Transformer models,397,11.0,22.5,72.25,104.54545454545455,556.8181818181819,9.408810897720143e-07,1.2616224473983162e-298
methodology,Multi-task and meta learning,657,23.5,50.5,112.0,114.89361702127661,376.5957446808511,3.3611502846753224e-15,7.072326499853178e-292
methodology,Data augmentation,388,8.5,28.0,70.5,229.41176470588235,729.4117647058823,3.1123123995282473e-21,0.0
methodology,Diffusion generative models,265,8.0,11.0,45.75,37.5,471.875,0.13361440253771611,5.632947305111537e-157
methodology,Clinical data standards,357,21.0,34.5,46.25,64.28571428571429,120.23809523809523,3.0973197723945537e-05,3.060473246493727e-28
methodology,Mixed mathematical and geometric methods,354,19.0,23.5,44.5,23.684210526315788,134.21052631578948,0.14429205544010107,1.2714982309802803e-31
methodology,Gene editing,248,18.0,11.5,21.5,-36.11111111111111,19.444444444444446,0.03026028002047163,0.09896015401940556
methodology,Agent-based Modeling,141,7.5,15.0,18.5,100.0,146.66666666666666,0.00010751117672950056,9.491299498372893e-16
health,Medical specialties,637,48.5,38.0,85.0,-21.649484536082475,75.25773195876289,0.032988194242956285,1.043010553290996e-25
health,Computational cancer biology,11401,835.0,797.0,1178.5,-4.550898203592815,41.137724550898206,0.06292042594498944,6.1153239910377e-125
health,cancer immunotherapy,1436,77.5,127.5,174.75,64.51612903225806,125.48387096774194,9.574536807108579e-16,3.632562151345876e-108
health,Infectious diseases,9825,433.5,1243.5,1094.25,186.85121107266437,152.42214532871972,0.0,0.0
health,Health policy landscape,3599,179.0,312.5,480.25,74.58100558659217,168.29608938547486,3.2315210328499936e-45,0.0
health,Digital health technologies,32538,2023.5,3327.0,3490.0,64.41808747220163,72.47343711391154,0.0,0.0
health,Neuroscience and cognition,1822,126.0,160.0,224.75,26.984126984126984,78.37301587301587,1.83895572857658e-05,2.7049177691074035e-69
health,Determinants of health,1582,88.0,142.5,206.5,61.93181818181818,134.6590909090909,2.1008080047565868e-16,7.890890241009511e-141
health,Prognosis and risk prediction,3723,198.5,329.0,465.75,65.74307304785894,134.6347607052897,3.3268282745950944e-39,0.0
health,Endoscopic procedures,124,8.0,7.0,14.5,-12.5,81.25,0.6170750774519739,4.302779463675118e-06
health,Cancer types and screening,5581,309.5,435.5,718.25,40.7108239095315,132.06785137318255,4.1194337911069155e-24,0.0
health,Neurodegenerative diseases,3224,179.5,256.5,416.75,42.89693593314763,132.17270194986074,4.371187682207481e-16,9.56077501157811e-275
health,Physiological signals and AI methods,5561,310.5,391.5,692.75,26.08695652173913,123.10789049919484,7.987483701935848e-11,0.0
health,Protein and gene networks,6485,413.0,511.0,707.75,23.728813559322035,71.3680387409201,9.12230717549689e-12,5.3075302093867355e-185
health,Environmental health risks,283,24.5,25.5,30.25,4.081632653061225,23.46938775510204,0.7750969621959847,0.020160312058240756
health,Population health surveillance,2577,124.0,320.5,331.0,158.46774193548387,166.93548387096774,1.859967348047323e-137,1.530441334626553e-302
health,Genomic variant analysis,8841,712.5,662.0,822.75,-7.087719298245614,15.473684210526315,0.007460555042791216,1.448365940585829e-16
health,Mixed medical imaging,1883,107.5,159.0,250.5,47.906976744186046,133.02325581395348,2.1477003385552866e-12,1.7174681620916617e-167
health,Drug discovery,2714,118.5,228.5,360.0,92.82700421940928,203.7974683544304,2.506738882172839e-46,0.0
health,Translational and clinical research,5697,312.5,516.5,670.25,65.28,114.48,7.113560684751555e-60,0.0
health,Mixed health informatics safety topics,876,36.5,81.0,120.75,121.91780821917808,230.82191780821918,2.0812983959912397e-25,3.496515728886667e-171
health,Signs and symptoms,703,39.0,61.0,88.25,56.41025641025641,126.28205128205127,6.292427086373583e-07,4.801352009027778e-56
health,Cardiovascular diseases,1982,114.0,184.5,243.75,61.8421052631579,113.8157894736842,9.821439097641396e-21,1.761126716703916e-130
health,Patient-provider communication,5692,333.0,499.5,553.75,50.0,66.29129129129129,4.3017681571930487e-38,2.569796414475066e-129
health,Psychiatric disorders,5585,340.5,563.0,666.25,65.34508076358296,95.66813509544787,3.352585974200888e-65,4.651400914965115e-273
health,"Eye, ENT, and oral diseases",114,4.0,7.5,16.75,87.5,318.75,0.013328328780817572,3.1174525777624066e-37
health,Diabetes mellitus,2948,219.0,261.0,311.5,19.17808219178082,42.23744292237443,5.978057964714629e-05,7.358698393246438e-36
health,Perinatal outcomes,1065,72.0,104.5,128.0,45.13888888888889,77.77777777777779,6.072038964444025e-08,8.85228634947998e-40
health,Emergency Department,2596,147.0,233.0,311.0,58.50340136054422,111.56462585034012,1.1110814313476139e-23,3.5228727446072387e-161
health,Cardiac arrhythmias,1235,84.5,89.0,137.0,5.325443786982249,62.1301775147929,0.48874412038650716,3.2283386462666576e-30
health,Mixed clinical conditions and demographics,3978,235.5,337.5,450.25,43.31210191082803,91.18895966029724,5.465450789042457e-21,2.291539900168352e-172
health,Myocardial infarction,796,43.5,62.5,97.75,43.67816091954023,124.71264367816093,4.620699551388415e-05,8.28668179789629e-61
health,Health workforce education,1888,107.5,158.5,208.25,47.44186046511628,93.72093023255815,3.492208554147756e-12,3.951154230184194e-84
health,Decision support,5369,278.0,469.0,625.75,68.70503597122301,125.08992805755396,5.009316079875267e-59,0.0
health,Anatomical terminology,126,8.0,7.5,14.25,-6.25,78.125,0.8025873486341526,9.896734625245618e-06
health,Older people,1230,64.0,126.5,153.5,97.65625,139.84375,2.228003198210039e-28,6.895780082537708e-111
health,Motor imagery,569,34.0,33.5,83.75,-1.4705882352941175,146.3235294117647,0.9034789137192296,2.745450797255759e-65
health,Upper airway disorders,679,37.0,66.5,85.5,79.72972972972973,131.08108108108107,6.953344604575122e-12,3.0034565295713254e-57
health,Health information seeking,2963,162.5,322.0,333.25,98.15384615384616,105.07692307692307,4.587491586514224e-70,4.286899685976959e-158
health,Mass screening,270,14.5,36.0,27.75,148.27586206896552,91.37931034482759,1.4063678950771474e-15,3.4211098239655037e-12
health,Cancer treatment modalities,609,32.5,51.0,71.0,56.92307692307692,118.46153846153847,4.447664511194771e-06,1.4279203692967224e-41
health,Countries and demographics,3037,151.5,266.0,331.75,75.57755775577559,118.97689768976898,1.5780206309808905e-39,1.4479205900134422e-188
health,Tumor immunology and microenvironment,374,16.5,31.5,42.25,90.9090909090909,156.06060606060606,1.7668604421878382e-07,7.788249539095365e-37
health,Drug safety surveillance,2391,144.5,197.5,248.75,36.67820069204152,72.14532871972318,4.5093005422432286e-10,2.155027381715447e-67
health,Gene expression regulation,7625,481.0,579.0,793.0,20.374220374220375,64.86486486486487,2.6276159407449496e-10,4.609641979702212e-178
health,Health behavior change,3528,212.0,361.5,408.25,70.51886792452831,92.57075471698113,8.955975842871159e-48,4.7208857650263526e-160
health,Surgical procedures,1306,66.5,115.5,156.0,73.68421052631578,134.58646616541355,1.9342126306509786e-17,8.586485588491438e-107
health,Genetic predisposition,3435,241.5,266.5,311.5,10.351966873706004,28.985507246376812,0.022901204610456877,2.0822404591402212e-19
health,Cardiorespiratory monitoring,933,62.0,78.0,102.75,25.806451612903224,65.7258064516129,0.004057136032371292,4.162609265169162e-25
health,Health and functional status assessment,1247,66.0,106.0,162.75,60.60606060606061,146.5909090909091,3.3285061452687076e-12,2.1635081027055002e-125
health,Primary care delivery,4606,241.5,408.0,517.0,68.94409937888199,114.07867494824015,7.346798123142941e-52,2.322203006922861e-275
health,Medical devices,2359,152.5,233.5,293.0,53.11475409836065,92.1311475409836,1.7580711909440683e-20,1.2887724697337164e-114
health,Mixed terminology and histopathology,792,34.0,57.5,115.25,69.11764705882352,238.97058823529412,1.2009788992872979e-08,6.425487298872279e-171
health,Metabolic networks,573,39.5,35.5,49.0,-10.126582278481013,24.050632911392405,0.36808282925395097,0.0025018493304464675
health,Cell signaling and oncogenic pathways,305,17.5,14.0,29.25,-20.0,67.14285714285714,0.23672357063785393,1.936567236394742e-08
health,Biomedical databases,3540,257.5,164.5,264.25,-36.116504854368934,2.621359223300971,2.482307102588045e-16,0.40018611515966385
health,Multimodal imaging,146,10.0,9.0,19.25,-10.0,92.5,0.6547208460185768,4.909419192794705e-09
health,Maternal and reproductive health,122,6.5,11.5,15.75,76.92307692307693,142.30769230769232,0.005545667315244063,3.9783105017038536e-13
health,Natural products and traditional medicine,978,45.0,89.5,114.5,98.88888888888889,154.44444444444446,6.508781725271979e-21,2.244665139984927e-95
health,Cardiovascular hemodynamics,901,58.5,65.0,100.75,11.11111111111111,72.22222222222221,0.22942148462968615,2.2446367984815623e-28
health,Clinical guidelines,536,32.0,49.0,50.25,53.125,57.03125,2.1377051549868834e-05,1.1012932081405935e-10
health,Lung nodules,171,10.0,14.0,21.75,40.0,117.5,0.07363827012030295,1.0749282345979405e-13
health,Bayesian health modeling,1327,84.0,100.5,154.5,19.642857142857142,83.92857142857143,0.010896354195387434,2.0842309901338301e-53
health,Health program evaluation,1018,68.5,91.0,83.5,32.846715328467155,21.897810218978105,0.0001207445802758944,0.00028926062760467266
health,Aortic diseases,302,10.5,23.5,43.25,123.80952380952381,311.9047619047619,1.3977422371435173e-08,7.411537703665608e-91
health,Epitope analysis,156,5.5,9.5,24.0,72.72727272727273,336.3636363636364,0.015861332739773033,4.49024190507668e-56
health,Caregivers and care quality,1037,64.5,94.0,116.25,45.73643410852713,80.23255813953489,2.0509393638801105e-07,5.309896879470146e-38
health,Health semantic similarity,190,7.0,11.0,30.75,57.14285714285714,339.2857142857143,0.03250944464571958,4.521155627299987e-72
health,User-centered design,444,27.5,40.0,37.0,45.45454545454545,34.54545454545455,0.0007489604476389004,0.0002910281058178031
health,Causal mediation analysis,206,9.0,21.5,29.25,138.88888888888889,225.0,3.802659887259387e-09,1.563761461131596e-41
health,Microbial and fungal genomics,644,49.5,45.0,69.0,-9.090909090909092,39.39393939393939,0.36571229628151314,2.9696170215456427e-08
health,Protein-peptide binding,939,76.5,65.0,87.25,-15.032679738562091,14.052287581699346,0.06296482594138303,0.013965623480108979
health,Repetitive DNA sequences,295,27.0,21.0,25.5,-22.22222222222222,-5.555555555555555,0.10247043485974996,0.5637028616507731
health,Amino acid sequence,1629,103.5,127.5,170.5,23.18840579710145,64.73429951690821,0.0008492268308191808,1.280599887535462e-39
health,Sequence and structure prediction,198,4.5,15.5,34.0,244.44444444444446,655.5555555555555,2.244976254271097e-13,3.0316570540587337e-170
health,Post-translational modifications,233,17.5,16.0,16.0,-8.571428571428571,-8.571428571428571,0.6120898800892569,0.47328946538008987
