topic,first_year,first_journal
Agent-based Modeling,2011,Nature Methods
Bayesian and statistical modeling,2011,Journal of Biomedical Informatics (JBI)
Behavioral theories,2011,Journal of Biomedical Informatics (JBI)
Big data infrastructure and interoperability,2011,Methods of Information in Medicine
Biological modeling,2011,Nature Methods
Biomedical signal processing,2011,Journal of Biomedical Informatics (JBI)
Clinical data standards,2011,Journal of Medical Systems
Clinical decision support,2011,Journal of Biomedical Informatics (JBI)
Clinical monitoring and surveillance,2011,Journal of the American Medical Informatics Association (JAMIA)
Clinical study designs,2011,Journal of Biomedical Informatics (JBI)
Computer security,2011,Journal of Medical Systems
Cryo-electron microscopy,2011,Journal of Medical Systems
Data visualization methods,2011,Methods of Information in Medicine
Drug discovery and evaluation,2011,Journal of Biomedical Informatics (JBI)
Ecological momentary assessment,2011,Journal of Medical Systems
Gene editing,2011,Nature Methods
Genomics and sequence bioinformatics,2011,Journal of Biomedical Informatics (JBI)
Graph and network methods,2011,Journal of the American Medical Informatics Association (JAMIA)
High-throughput screening,2011,Briefings in Bioinformatics
Immunological techniques,2011,Artificial Intelligence in Medicine
Information dissemination,2011,Journal of Biomedical Informatics (JBI)
Knowledge graphs,2011,Journal of Biomedical Informatics (JBI)
Machine learning methods,2011,Briefings in Bioinformatics
Mass spectrometry and ROC analysis,2011,Briefings in Bioinformatics
Medical image segmentation,2011,Methods of Information in Medicine
Microarray analysis,2011,Briefings in Bioinformatics
Missing data imputation,2011,Computers in Biology and Medicine
Mixed automation and optimization methods,2011,Nature Methods
Mixed deep learning applications,2011,Journal of Biomedical Informatics (JBI)
Mixed psychological and measurement theories,2011,Journal of Medical Systems
Mixed reasoning and modeling methods,2011,Methods of Information in Medicine
Mobile health and social media,2011,Journal of Medical Systems
Named Entity Recognition,2011,Journal of Medical Systems
Neuroscience and cognitive psychology,2011,Computers in Biology and Medicine
Open access publishing,2011,Journal of Medical Systems
Pilot studies and synthetic data,2011,Journal of Biomedical Informatics (JBI)
Predictive and Markov modeling,2011,Journal of Biomedical Informatics (JBI)
Privacy and de-identification,2011,International Journal of Medical Informatics (IJMI)
Qualitative research methods,2011,Methods of Information in Medicine
RNA-seq data analysis,2011,Methods of Information in Medicine
Research ethics and patient involvement,2011,International Journal of Medical Informatics (IJMI)
Serious games,2011,Journal of Medical Systems
Software and usability research,2011,Methods of Information in Medicine
Statistical methods,2011,Methods of Information in Medicine
Ultrasound and echocardiography,2011,Journal of Medical Systems
Virtual medical simulation,2011,Methods of Information in Medicine
eHealth and mobile applications,2011,Journal of Biomedical Informatics (JBI)
Additive manufacturing optimization,2012,Computers in Biology and Medicine
Algorithmic bias,2012,Artificial Intelligence in Medicine
All of Us,2012,Journal of the American Medical Informatics Association (JAMIA)
Contrastive learning,2012,Artificial Intelligence in Medicine
Mixed clinical NLP applications,2012,Journal of Medical Systems
Multi-task and meta learning,2012,Artificial Intelligence in Medicine
Assisted reproduction,2013,Artificial Intelligence in Medicine
Data augmentation,2013,Journal of the American Medical Informatics Association (JAMIA)
Data governance and standards,2013,Journal of Biomedical Informatics (JBI)
Diffusion generative models,2013,Briefings in Bioinformatics
Fractal dimension,2013,IEEE Journal of Biomedical and Health Informatics (J-BHI)
Generative AI and corpus methods,2013,Journal of Biomedical Informatics (JBI)
Large language models,2013,Journal of Biomedical Informatics (JBI)
Mixed engineering and imaging acronyms,2013,IEEE Journal of Biomedical and Health Informatics (J-BHI)
Mixed mathematical and geometric methods,2013,Computers in Biology and Medicine
Mixed narrative and language studies,2013,Journal of Biomedical Informatics (JBI)
Transformer models,2013,Briefings in Bioinformatics
Biobanking methodologies,2014,Methods of Information in Medicine
Content-based image retrieval,2014,Journal of the American Medical Informatics Association (JAMIA)
Federated learning,2014,Journal of Biomedical Informatics (JBI)
Distributed ledger technology,2017,Journal of the American Medical Informatics Association (JAMIA)
Knowledge distillation,2017,IEEE Journal of Biomedical and Health Informatics (J-BHI)
Transfer learning variants,2018,International Journal of Medical Informatics (IJMI)
