journal,n_articles_2011_2025
Journal of Medical Internet Research (JMIR),9728
Bioinformatics,9564
Computers in Biology and Medicine,8908
IEEE Journal of Biomedical and Health Informatics (J-BHI),5071
Briefings in Bioinformatics,4579
BMC Medical Informatics and Decision Making,3654
Nature Medicine,3460
Journal of the American Medical Informatics Association (JAMIA),3213
JMIR mHealth and uHealth,2872
Journal of Medical Systems,2755
Journal of Biomedical Informatics (JBI),2734
International Journal of Medical Informatics (IJMI),2722
Nature Methods,2503
npj Digital Medicine,2147
JMIR Medical Informatics (JMI),1684
Database: The Journal of Biological Databases and Curation,1623
Artificial Intelligence in Medicine,1539
Frontiers in Digital Health,1458
Applied Clinical Informatics,1353
Journal of Clinical and Translational Science,1194
Health Informatics Journal,1063
JAMIA Open,836
Bioinformatics Advances,830
PLOS Digital Health,824
Methods of Information in Medicine,652
The Lancet Digital Health,444
BMJ Health & Care Informatics,399
Digital Biomarkers,145
Journal of Innovation in Health Informatics,119
