"topic_name","size","n_constituent_topics","top_keywords"
"Machine learning methods","5973","38","machine learning (6085); algorithms (4704); deep learning (4051); artificial intelligence (2972); natural language processing (1948); data mining (1178); neural networks, computer (778); classification (676); convolutional neural network (489); support vector machine (435)"
"Clinical decision support","5104","29","medical informatics (1054); clinical decision support (523); information storage and retrieval (474); health literacy (303); education (295); health informatics (277); information systems (261); risk assessment (255); clinical decision support systems (252); engagement (240)"
"Statistical methods","2939","34","systematic review (766); meta-analysis (377); scoping review (273); data collection (262); survival analysis (227); random forest (217); sensitivity and specificity (215); data quality (211); information extraction (201); data curation (198)"
"Medical image segmentation","2620","19","image processing, computer-assisted (354); segmentation (309); fluorescence imaging (282); medical imaging (265); clustering (235); medical image segmentation (223); imaging (143); digital divide (134); super-resolution microscopy (130); radiomics (108)"
"Web-based bioinformatics tools","2542","29","genomics (1914); sequence analysis, dna (1201); sequence analysis, rna (816); sequence alignment (471); bioinformatics (470); amino acid sequence (322); sequence analysis, protein (297); programming languages (249); computational biology and bioinformatics (232); rna, messenger (134)"
"Biomedical signal processing","2188","42","magnetic resonance imaging (329); electroencephalography (186); mri (132); biomedical engineering (121); photoplethysmography (117); heart rate variability (107); signal processing (80); neuroimaging (68); time series (67); electroencephalography (eeg) (65)"
"Design science research","2077","24","software (7335); usability (399); documentation (346); research design (228); language (217); software design (142); optimization (115); visualization (113); design (93); modeling (86)"
"Multimodal information fusion","1904","16","transfer learning (384); vocabulary, controlled (129); imaging, three-dimensional (110); datasets as topic (81); optical coherence tomography (71); learning (67); object detection (66); eye tracking (41); biomarker discovery (40); association prediction (31)"
"Virtual medical simulation","1737","14","computer simulation (819); virtual reality (313); china (256); models, genetic (241); pediatrics (240); computational models (232); computer graphics (209); computer vision (123); finite element analysis (102); computational fluid dynamics (96)"
"Wearable sensors","1600","24","mobile phone (1701); social media (1355); mobile apps (451); mobile applications (441); health information technology (356); medical informatics applications (156); wearable sensors (155); cognition (137); perception (119); electronic prescribing (107)"
"Causal inference methods","1466","18","bayes theorem (492); models, statistical (367); clinical trials (266); randomized controlled trials (194); sleep (169); logistic models (135); prospective studies (135); logistic regression (134); linear models (124); bert (113)"
"Data analysis","1165","11","humans (10612); randomized controlled trial (450); retrospective studies (295); benchmarking (189); cross-sectional studies (182); clinical trial (153); feasibility studies (144); cohort studies (137); clinical research (130); clinical informatics (126)"
"Information dissemination","1017","16","communication (427); implementation (402); twitter (293); informatics (228); infodemiology (227); information dissemination (220); computers (169); data sharing (166); research (148); security (143)"
"Clinical outcome assessment","779","12","drug discovery (408); review (325); evaluation (296); drug development (214); interpretability (126); application (123); reliability (120); vaccines (110); validity (91); program evaluation (90)"
"Data warehouse","596","11","big data (295); interoperability (263); information technology (192); systems integration (152); database (146); cloud computing (144); databases (90); digital twin (46); data linkage (42); data warehouse (39)"
"Ecological momentary assessment","593","3","cognitive behavioral therapy (169); ecological momentary assessment (155); digital intervention (118); digital interventions (71); sedentary behavior (68); accelerometry (62); health care surveys (51); lifestyle modification (51); actigraphy (46); digital health interventions (37)"
"Knowledge graphs","537","9","semantics (335); knowledge graph (134); semantic web (64); knowledge representation (63); semantic segmentation (54); ontologies (53); knowledge discovery (46); knowledge translation (40); multiple instance learning (40); abstracting and indexing (38)"
"RNA-seq data analysis","506","4","cluster analysis (621); single-cell analysis (456); network analysis (112); epigenesis, genetic (82); single-cell gene expression analysis (56); gene expression analysis (55); pathway analysis (29); libraries (28); hierarchical clustering (25); metabolic flux analysis (22)"
"Biological modeling","484","2","molecular docking (196); molecular dynamics simulation (172); molecular dynamics (95); molecular docking simulation (90); virtual screening (86); protein folding (78); thermodynamics (55); protein engineering (40); molecular dynamics simulations (34); qsar (30)"
"Graph-based clustering","470","3","graph attention network (46); bayesian networks (36); graph theory (26); heterogeneous network (25); networks (20); network inference (17); graph attention networks (16); directed acyclic graph (12); network topology (12); heterogeneous information network (11)"
"Digital health dashboards","464","3","ehealth (1455); mobile app (303); mobile application (141); digital pathology (78); electronic mail (63); online systems (50); chemical tools (47); dashboard (45); digitalization (37); periodicals as topic (35)"
"Process optimization","452","7","automation (146); feasibility (122); assessment (114); lab-on-a-chip (38); extreme gradient boosting (26); time series forecasting (20); collaborative filtering (14); adversarial training (13); genetic algorithm (ga) (12); re-aim (11)"
"Contrastive learning","431","4","attention mechanism (262); contrastive learning (208); reinforcement learning (96); representation learning (95); emotion recognition (74); motor imagery (55); multimodal learning (45); graph contrastive learning (33); attention mechanisms (29); self-attention mechanism (26)"
"Data normalization","403","6","mass spectrometry (356); roc curve (177); tandem mass spectrometry (95); protein analysis (22); data quality assessment (20); k-means (19); data interoperability (19); evaluation metrics (14); spectrometry, mass, matrix-assisted laser desorption-ionization (14); alignment (11)"
"Data visualization methods","391","8","data visualization (225); data display (57); interactive visualization (26); geography (25); web 2.0 (22); climate change (20); matrix completion (19); software tools (15); bioinformatics software (15); multi-view (15)"
"Named Entity Recognition","379","6","named entity recognition (139); terminology as topic (88); domain adaptation (88); word2vec (26); association rule mining (23); clinical text mining (22); biomedical ontologies (20); congresses as topic (20); problem list (18); logical observation identifiers names and codes (15)"
"Environmental scanning","273","3","monitoring (202); screening (167); surveillance (148); clinical (114); quality (97); detection (87); management (83); diagnostic (48); heterogeneity (36); morbidity (33)"
"Inverse problems","254","3","inverse problem (19); segment anything model (13); riemannian geometry (7); adaptive filter (7); hyperbolic dirac net (6); dice loss (6); approximate entropy (6); bidomain model (6); fitts’ law (6); ordinary differential equations (4)"
"Recruitment methods","244","2","qualitative research (491); surveys and questionnaires (477); qualitative (148); content analysis (127); recruitment (125); qualitative study (86); mixed methods (75); thematic analysis (74); interviews as topic (73); participatory design (51)"
"Meta learning","242","5","multi-task learning (141); multitask learning (43); word embeddings (33); meta-learning (33); pre-trained language model (22); prior knowledge (19); metric learning (16); pretrained language model (11); pretrained language models (10); pre-trained language models (10)"
"Transformer models","237","2","bidirectional encoder representations from transformers (24); pre-trained language model (22); transformer model (13); transformer encoder (12); pre-trained language models (10); generative pretrained transformer (10); auto-encoder (8); encoder-decoder (7); chaos game representation (6); feature attribution (6)"
"Large language models","205","3","large language models (441); large language model (285); language model (52); language models (33); embeddings (17); vision transformers (14); distributional semantics (13); pre-trained model (10); multimodal large language models (8); transformer models (7)"
"Generative modeling","205","3","prediction model (203); predictive modeling (147); topic modeling (137); markov chains (131); predictive models (80); common data model (52); hidden markov model (29); deep learning model (23); generative models (22); predictive modelling (22)"
"differential privacy","202","9","privacy (435); data privacy (82); de-identification (55); privacy protection (39); data anonymization (34); differential privacy (29); patient privacy (24); serious game (22); protected health information (20); patient data privacy (20)"
"Immunological techniques","179","4","flow cytometry (59); biometry (33); immunohistochemistry (23); real-time (22); immunological techniques (15); immunoprecipitation (12); fluorescent antibody technique (10); deuterium exchange measurement (6); bacterial typing techniques (5); karyotyping (4)"
"Explainable ML","176","2","models, theoretical (340); fuzzy logic (141); causal inference (69); case-based reasoning (25); models, psychological (12); weakly supervised (10); efficientnet (9); meta-heuristic (8); analytic hierarchy process (8); explainable models (6)"
"Clinical data standards","174","3","access (51); hl7 fhir (36); clinical named entity recognition (20); technologies (14); european health data space (12); technological innovation (9); inservice training (8); sharing (8); data repository (5); fundraising (5)"
"Stochastic diffusion dynamics","168","2","diffusion model (45); diffusion models (29); critical transition (4); multi-scale model (4); statistical shape models (3); critical state (3); brownian motion (3); diffusion probabilistic model (3); multimodal models (3); capacitive coupling (2)"
"Behavioral theories","154","4","theory of planned behavior (24); self-determination theory (20); self-regulation (16); emotion regulation (15); conceptual framework (14); health belief model (11); theoretical domains framework (10); social theory (9); social cognitive theory (7); decision theory (6)"
"Data augmentation","136","2","data augmentation (152); capsule network (26); synthetic data generation (21); i2b2 (20); laboratory (12); covid19 (6); umap (5); data generation (4); data segmentation (4); cbioportal (4)"
"Patient participation","130","3","patient participation (196); medical ethics (92); research ethics (63); consent (26); disclosure (23); regulations (19); research recruitment (17); research participation (16); research subject recruitment (16); public engagement (14)"
"Acoustic propagation","127","3","monte carlo (8); carotid ultrasound (6); ultrasound elastography (5); transthoracic echocardiography (5); ultrasonography, doppler (5); elastography (4); electric field (3); quantitative ultrasound (3); doppler echocardiography (3); cardiac function (3)"
"Information quality assessment","115","3","data governance (37); data standards (27); data imbalance (19); data standardization (17); text generation (9); data scarcity (8); data heterogeneity (8); data ownership (6); data utility (6); information blocking (6)"
"Neuropsychological assessment","114","4","neuroscience (193); psychology (96); cognitive neuroscience (28); brain mapping (27); interdisciplinary studies (23); discrete choice experiment (18); neuropsychological test (8); neuropsychological testing (8); neuropsychological tests (8); emotion analysis (7)"
"Missing data imputation","107","2","mice (523); phenotyping (87); reproducibility (80); questionnaire (76); missing data (69); imputation (69); regression (64); measurement (57); statistics (55); performance (52)"
"Computer security","105","4","computer security (297); data security (45); ubiquitous computing (23); encryption (20); information security (15); sparsity (11); adversarial attack (9); secure multi-party computation (7); searchable encryption (6); attribute-based encryption (6)"
"Clinical phenotyping methods","97","1","patient similarity (23); medical report generation (14); physician rating websites (11); validation studies as topic (6); symptom extraction (6); medical question answering (6); objective data (5); case identification (4); phenotyping algorithm (3); type 1 (3)"
"Corpus construction","95","5","generative ai (72); cyclegan (11); co-word analysis (8); corpus construction (6); co-occurrence analysis (5); first-order logic (4); data-driven analysis (4); protein large language model (3); tucker decomposition (3); multilinguality (3)"
"Cryo-electron microscopy","95","3","microscopy (182); cryoelectron microscopy (103); radiography (69); transcription (31); cryoelectron tomography (28); retrospective (23); scanning electron microscopy (16); raman spectroscopy (16); transmission electron microscopy (15); crystallography, x-ray (12)"
"Serious games","82","1","serious games (39); teaching (23); education, distance (16); step count (9); quitting (6); user needs (5); agile (5); soap (4); wait time (4); mixup (3)"
"High-throughput screening","82","2","high-throughput screening (105); high-throughput screening assays (37); biological assay (12); cell counting (7); single-cell clustering (7); tissue culture (7); non-model organisms (7); tumor cells, cultured (7); in vitro fertilization (6); stability analysis (5)"
"Computational fluid dynamics","80","1","computational fluid dynamics (cfd) (12); gradient-weighted class activation mapping (grad-cam) (4); finite element method (fem) (4); received signal strength (rss) (3); finite element (fe) (2); high efficiency video coding (hevc) (2); liquid–liquid phase separation (llps) (2); fluid-structure interaction (fsi) (2); residual atrous spatial pyramid pooling (raspp) (1); programmable second order reversible cellular automata (rca 2) (1)"
"Agent-based Modeling","66","2","hybrid model (22); agent-based modeling (15); agent-based model (12); multiscale modeling (11); multi-scale modeling (7); reduced-order modeling (6); multiscale model (4); epidemic models (4); epidemic modeling (3); arima model (3)"
"Open access publishing","60","2","pubmed (153); access to information (104); open source (40); data publication and archiving (17); free text (16); international cooperation (15); scholarly publishing (8); free-text (7); scientific publishing (7); digital object identifier (6)"
"Microarray analysis","52","1","oligonucleotide array sequence analysis (129); real-time polymerase chain reaction (18); isotope labeling (13); mutagenesis (11); cross-linking reagents (10); pcr-based techniques (9); restriction mapping (7); laboratory techniques and procedures (7); surface plasmon resonance (6); nucleic acid amplification techniques (3)"
"Gene editing","48","1","gene editing (35); genetic techniques (34); gene targeting (32); metabolic engineering (28); plasmids (20); genetic vectors (13); synthetic lethal mutations (12); gene knockout techniques (11); mice, transgenic (11); mice, knockout (9)"
"Algorithmic bias","44","2","bias (121); social comparison (7); catastrophic forgetting (7); ethical ai (6); message framing (5); ethical framework (4); implicit bias (3); model fairness (3); self-knowledge distillation (3); trust model (2)"
"Measurement theory","41","2","grounded theory (19); psychological theory (16); item response theory (13); psycholinguistic analysis (4); waist-hip ratio (4); quantum theory (3); adiposity (3); fm-index (3); physiological measurements (2); head circumference (2)"
"Fractal dimension","39","2","fractal dimension (11); topological features (6); regular expressions (5); fractal dimensions (2); position weight matrices (2); point clouds (2); high order statistics (2); multiple vowels (2); topological indices (2); ellipses (2)"
"Knowledge distillation","27","1","knowledge distillation (69); self-distillation (5); distillation (3); model distillation (2); autoverification (2); asynchronous knowledge distillation (1); features distillation (1); multimodal distillation (1); cross-modal distillation (1); ensemble distillation (1)"
"Robust domain generalization","27","2","case-based learning (5); simulation-based learning (3); opposition-based learning (3); transfer-learning (3); cooperative learning (3); active transfer learning (2); inductive transfer learning (2); cross-dataset robustness (1); domain robust matching (1); cross-device generalization (1)"
"Content-based image retrieval","23","2","content-based image retrieval (12); content-based medical image retrieval (4); content based image retrieval (3); multi-source data fusion (2); biomedical data security and privacy (1); genomic data security (1); error-tolerant data mining (1); novel medical image dataset (1); blueprints, digital transformation (1); integration based flow visualization (1)"
"Pilot studies","19","1","pilot projects (154); standardisation (3); real data (2); simulated datasets (2); experimental validations (1); synthetic data utility (1); pilot test (1); real-world data exploration (1); minimum dataset (1); benchmark data (1)"
"Assisted reproduction","18","1","preimplantation diagnosis (2); in-vitro fertilization (2); ovarian stimulation (1); risk reducing mastectomy (1); intrauterine insemination (1); uterine cervical dysplasia (1); planned oocyte cryopreservation (1); women with infertility (1); breast histopathology and cytology (1); lung cancer screening and staging (1)"
"Additive manufacturing optimization","13","1","additive manufacturing (6); process optimization (6); laser powder bed fusion (3); polymerization (1); selective laser melting (1); device integration (1); additive manufacturing process (1); advanced manufacturing (1); seamless texture synthesis (1); assembly polishing (1)"
"All of Us","11","1","all of us research program (18); nih all of us research program (2); ghana hiv/aids commission (1); us national institute of mental health (1); patient and public involvement panel (1); research grants (1); national academies of science, engineering, and medicine, u.s., health and medicine division (1); national institutes of health research (1); susan g. komen (1); association for the advancement of medical instrumentation (aami) (1)"
"Feminist narrative inquiry","9","1","personal narratives (4); feminism (4); linguistic inquiry (2); discourse relations (1); persian language (1); language acquisition (1); bilingual language model (1); feminist new materialism (1); bilingualism (1)"
"Federated learning","8","1","federated learning (149); federated approach (1); ∊-differential privacy (1); federated environment (1); daily dosage extraction (1); formulationai (1); federated (1); federated evaluation (1)"
"Biobanking methodologies","7","1","uk biobank (17); biobanking (9); personal genomics (2); biobank database (1); biobank dataset (1); biobanking irb (1); biobank resources (1)"
"Distributed ledger technology","3","1","blockchain distributed ledger technology (9); distributed ledger technology (9); distributed ledger technologies (1)"
