Journal,Articles 2011–2025,% author/publisher keywords (Passes 1–2),% MeSH substituted (Pass 3),% GPT-generated (Pass 4),Mean keywords per article,Mean topics per article,Median topics per article,Mean methodology topics,Mean health topics,% articles with no topic
Journal of Medical Internet Research (JMIR),9728,92.2,7.8,0.0,7.91,5.86,5.0,2.43,3.43,0.02
Bioinformatics,9564,0.13,99.87,0.0,5.63,4.59,4.0,2.22,2.36,0.06
Computers in Biology and Medicine,8908,94.22,5.78,0.0,5.52,4.56,4.0,2.3,2.27,0.0
IEEE Journal of Biomedical and Health Informatics (J-BHI),5071,97.28,2.72,0.0,4.93,4.39,4.0,2.46,1.93,0.06
Briefings in Bioinformatics,4579,92.71,7.29,0.0,4.99,4.25,4.0,2.0,2.25,0.0
BMC Medical Informatics and Decision Making,3654,78.19,21.81,0.0,5.75,4.87,4.0,2.15,2.72,0.0
Nature Medicine,3460,97.66,2.34,0.0,3.06,2.6,2.0,0.38,2.22,0.9
Journal of the American Medical Informatics Association (JAMIA),3213,76.31,23.69,0.0,5.55,4.68,4.0,2.13,2.55,0.03
JMIR mHealth and uHealth,2872,95.47,4.53,0.0,7.43,5.34,5.0,2.04,3.3,0.03
Journal of Medical Systems,2755,64.97,35.03,0.0,5.65,4.62,4.0,2.23,2.39,0.04
Journal of Biomedical Informatics (JBI),2734,88.37,11.63,0.0,5.19,4.59,4.0,2.53,2.06,0.04
International Journal of Medical Informatics (IJMI),2722,87.58,12.42,0.0,5.34,4.52,4.0,1.93,2.59,0.0
Nature Methods,2503,97.8,2.2,0.0,3.35,2.97,3.0,1.59,1.38,0.04
npj Digital Medicine,2147,100.0,0.0,0.0,2.81,2.71,2.0,0.78,1.93,0.19
JMIR Medical Informatics (JMI),1684,99.29,0.71,0.0,7.8,5.68,5.0,2.75,2.93,0.0
Database: The Journal of Biological Databases and Curation,1623,0.99,99.01,0.0,6.07,4.59,4.0,1.48,3.1,0.18
Artificial Intelligence in Medicine,1539,89.99,10.01,0.0,5.46,4.65,4.0,2.59,2.06,0.0
Frontiers in Digital Health,1458,99.38,0.62,0.0,6.09,4.94,5.0,2.08,2.86,0.0
Applied Clinical Informatics,1353,29.05,70.95,0.0,5.03,4.32,4.0,1.59,2.74,0.0
Journal of Clinical and Translational Science,1194,99.33,0.67,0.0,5.39,4.76,5.0,2.03,2.73,0.0
Health Informatics Journal,1063,95.11,4.89,0.0,5.46,4.65,4.0,2.0,2.65,0.0
JAMIA Open,836,99.28,0.72,0.0,4.82,4.12,4.0,1.9,2.22,0.0
Bioinformatics Advances,830,0.12,0.0,99.88,9.99,7.46,7.0,4.14,3.32,0.0
PLOS Digital Health,824,99.88,0.12,0.0,8.0,6.09,6.0,1.96,4.14,0.0
Methods of Information in Medicine,652,42.94,57.06,0.0,5.85,5.06,5.0,2.54,2.51,0.15
The Lancet Digital Health,444,0.9,99.1,0.0,7.31,5.53,5.0,2.2,3.33,0.0
BMJ Health & Care Informatics,399,97.74,2.26,0.0,3.85,3.64,4.0,1.58,2.06,0.25
Digital Biomarkers,145,100.0,0.0,0.0,5.17,4.39,4.0,1.97,2.43,0.0
Journal of Innovation in Health Informatics,119,73.11,26.89,0.0,4.34,3.87,4.0,1.46,2.4,0.0
