"cluster_id","size","top_keywords"
"0","591","uci-har; msrf-net; plvnet; cpc-net; ai act; uu-net; rtls; ai education; bau-net; csu-net; mambacpg; haf-elm; hrc; aop network; hfcwo; wechat based; covid-gan; ehds; ai scribe technology; pri-nl-pca"
"1","819","lddmm; ndf-rt; edtca; wbgpx; q-qrofs; ec-screen; rgb-d; bio-signals; lppc; psvv; warehouse; pbi; p-possum; hypercubes; löwner matrices; pill recognition; ora-pro; ddu-net; mhealth treatment; bmooc"
"2","675","biological complexity; biological models; cellular behavior; human adaptation; genomics cross-exploration; neural drive; biomathematical modeling; signaling theory; bacterial pathogenesis; dynamic transcriptomics; hierarchical mechanism; motility dynamics; multiscale cancer modeling; human–system interaction; genetic code; basic science; biological transport; computational disease models; evolutionary games; biological signals"
"3","428","narcolepsy; voice-affecting disorder; primary snoring; pelvic pain; gait disorder; pelvic floor disorders; tonsillitis; memory disorders; feeding disorders; nonmotor symptoms; cervical pain; functional abdominal pain; respiratory disorders; vestibular disorders; musculoskeletal problems; breathing disorder; sleep disturbance; balance disorders; cervical dystonia; swallowing disorder"
"4","493","community health; primary public health; health prevention; child health promotion; school health; behavioral health; primary health; pediatric mental health; cancer prevention; family health; health management; public health promotion; health strategies; newborn health; maternal health; nutrition policy; adolescent mental health; social health; health advocacy; prenatal health"
"5","534","somatic mutations; somatic structural variation; somatic mutation; somatic gene mutations; enhancer activity; hypermutation; intron retention; transcriptional readthrough; germline mutation; low-frequency mutations; somatic hypermutation; minisatellite repeats; mirna binding; long non-coding; microsatellite repeats; intronic polyadenylation; deleterious mutations; recombination hotspots; somatic genome alterations; dna repeat expansion"
"6","313","compulsive usage; methamphetamine use; opioid use; illicit transport; illicit drugs; excessive drinking; illegal drugs; illicit internet pharmacies; tobacco use; illicit online pharmacies; home use; marijuana abuse; stimulant initiation; illegal online pharmacies; recreational opioid misuse; drug use pattern; use pattern; smoking addiction; smoking abstinence; stimulant use"
"7","529","dynamic blood pressure; cuffless blood pressure; central pressure; hemodynamic impedance; oxygen uptake; airflow resistance; cuffless continuous blood pressure; cardiac output; ambulatory blood pressure monitoring; physiological assessment; cardiac bioelectricity; intraoperative hemodynamic variability; spontaneous intracranial hypotension; pulmonary gas exchange; oximetry; blood flow velocity; systolic pressure; cardiovascular parameters; pulse pressure; blood pressure variability"
"8","869","multi-context module; learnable feature fusion; self-feature embedding; local similarity-aware sampler; representation unification; multi-view attribute learning; stacking-based model learning; multi-level semantic fusion; multi-feature aggregation; feature refinement network; multi-view structure feature representation; graph semantics; relational phrase clustering; fusion network; pretrained language model; domain separation network; hybrid feature fusion; semantic embedding; multi-subject clustering; single-module global pointer"
"9","653","clinical foundation model; clinical process; health policy informatics; clinical communication; work impact; health drivers; clinical pathway; research translation; clinical pathways; practice guideline; clinical quality; research capacity; work force development; disabilities; clinical domain; clinical commissioning; clinical informatics; labor detection; error reporting; practice-based research network"
"10","502","opioid therapy; outpatient therapy; remote therapy; bed management; augmented therapy; home catheter management; barcode medication administration; antibiotic cessation; medical nutrition therapy; cpap therapy; ventilator weaning; nutrition therapy; sedation management; fluid therapy; medication reconciliation; dialysis initiation; hydration monitoring; pediatric sedation; step-up therapy; wound therapy"
"11","608","patient-doctor communication; nurse-physician communication; nurse-patient relations; patient provider communication; provider-provider communications; provider-provider communication; physician communication; patient-provider communication; parent-provider communication; physician-nurse communication; physician-patient relation; patient-physician relations; nurse communication; patient competence; physician patient relations; physician–patient relations; physician-nurse relations; physician engagement; patient-physician dialogue; physician-patient relations"
"12","602","bone ct segmentation; image skeletonization; multi-view segmentation; 3d segmentation network; breast density segmentation; breast mass segmentation; image-to-image translation; ct segmentation; depth estimation method; bone surface segmentation; parcellation; vertebral landmark detection; vessel tracking; bone segmentation; image-based cfd; key anatomical structure detection; spatial-spectrum interaction; markerless tracking; reliable-region enhancement; breast-region segmentation"
"13","588","health information systems; health information system; health care information systems; public health information systems; health assistance systems; mobile health systems; reproductive health service; healthcare sector; digital health systems; health data exchange; digital health analytics; healthcare management systems; digital health system; health monitoring systems; military health system; drug information services; healthcare networks; health care information system; health it policy; healthcare information systems"
"14","551","liver failure; hemorrhagic transformation; acute heart failure; acute pancreatitis; venous thrombosis; subarachnoid hemorrhage; thrombotic complications; severe acute pancreatitis; organ dysfunction; recurrent miscarriages; acute renal failure; kidney failure; herpes zoster; cerebral infarction; venous ulcers; hemorrhagic stroke; perinatal asphyxia; cardiac failure; acute cystitis; renal obstruction"
"15","646","protein-protein interaction site; protein-protein interaction sites; protein–protein interaction sites; protein–protein interaction site; protein-binding pocket; protein–protein binding affinity; lytic proteins; protein functional specificity; chemical structure recognition; protein precursors; antibody diversity; binding peptide; dimerization inhibition; antibody maturation; protein cleavage; protein-ligand affinity; tcr specificity; peptide binding; functional specificity; peptide folding"
"16","497","wgcna analysis; epigenetic profiling; weighted gene coexpression network analysis; gene co-expression analysis; weighted gene correlation network analysis; weighted gene co-expression network analysis; pathway-based microarray analysis; differential co-expression analysis; multi-omics clustering; differential network analysis; master regulator analysis; transcriptomic profiling; hierarchical feature profiling; pangenome analysis; chromatin signatures; integrative multi-omic analysis; differential binding analysis; integrated multiomic analysis; genetic expression profile; epigenomic analysis"
"17","711","lymphocyte activation; leukocyte differentiation; extracellular traps; adipocyte differentiation; gametogenesis; immune tolerance; organ crosstalk; bone organoid; extracellular vesicles; rgc functions; immune cells; axonal transport; proinflammatory peptide; blastocyst formation; epithelial cells; pancreatic β-cells; leukocyte recruitment; muscle architecture; immune function; inflammatory cytokines"
"18","455","sézary syndrome; autoinflammatory syndrome; graves’ disease; tuberous sclerosis; juvenile idiopathic arthiritis; dravet syndrome; autoimmune disorder; autoimmune disorders; autoimmune bullous diseases; classical galactosemia; takotsubo syndrome; sjögren's syndrome; shaken baby syndrome; thyrotoxicosis; congenital hyperinsulinism; genetic aortopathies; thyroid-associated ophthalmopathy; unilateral primary aldosteronism; behcet syndrome; thyroid-associated orbitopathy"
"19","618","self-help intervention; smartphone-based intervention; dialog-based intervention; mobile-based intervention; self-directed therapy; behavioral health coaching; technology-based psychological interventions; cognitive-behavioral program; tailored internet interventions; game-based interventions; music-based interventions; home-based intervention; phone-based therapeutic interventions; internet-based intervention; positive psychological intervention; community based intervention; phone-based intervention; app-based interventions; self-management program; video-based interventions"
"20","616","temporal learning; perceptual guidance; collective perceptual biases; dynamic attention mechanism; joint task learning; perceptual learning; task-incremental learning; reward learning; dynamic domain adaptation; relation-level attention; affective decoding; temporal relative encoding; fear recognition; spatial and channel interactive attention; cross-modal retrieval; multi-perspective recognition; semantic expansion; spatially guided learning; multi-level attention mechanism; deep learning attention mechanism"
"21","685","primary health care; advanced primary care; community health care; adult day services; maternal health care; mental health care; rural health care; wellness services; ambulatory care; remote health care; home healthcare; community care; community pharmacy services; ambulant health care; sexual health services; family planning services; community healthcare; primary health care centres; hospice care services; nursing services"
"22","580","sensor technology; smart home systems; consumer wearable technologies; wearable technology; wireless devices; wireless monitoring system; sensor technologies; connected medical technology; noncontact bed sensors; video-based monitoring; smart medical devices; wearable sensor system; wearable electronics; portable sensors; health monitoring device; smartphone-based monitoring; patient wearables; medical sensors; brain-computer interfacing; wearable proximity sensors"
"23","387","renal cancer; ovarian cancer; breast carcinoma; endometrial carcinoma; uterine cancer; gallbladder carcinoma; thyroid cancer; bladder cancer; thyroid carcinoma; pancreatic cancer; gastrointestinal tract cancer; renal cell carcinoma; neuroendocrine cancer; oral tongue cancer; germ cell tumours; endometrial cancer; colorectal carcinoma; gastrointestinal cancer; uterine corpus endometrial carcinoma; gastric carcinoma"
"24","470","contagious disease; influenza virus; coronavirus disease; zika virus infection; influenza a virus; rubella virus; orthopoxvirus; sars virus; viral disease; chikungunya fever; virus airborne transmission; dengue virus; contagious diseases; influenza epidemics; infectious outbreaks; coronavirus infections; porcine epidemic diarrhea; viral pathogenesis; viral transmission; corona virus"
"25","543","professional training; health-care professional training; faculty development; healthcare training; healthcare professional training; academic training; workplace training; health professions training; medical training; workforce training; clinician training; physician competency; professional development; professional skills; medical team training; gatekeeper training; healthcare team training; academic curriculum; professional training education; provider training"
"26","953","multi-rate atrous convolution; instance-level detection loss; multi-scale dense skip connection; multi-scale feature aggregation; signal embedding; byte-pair encoding; variational segmentation; dynamic link prediction; dual-space perturbation; saliency-based xai; incomplete multi-view learning; feature grouping; instance-level segmentation loss; spatio-temporal fusion; adaptive reweighting; channel-wise recurrent fusion; adaptive feature transfer; dual-scale feature fusion block; dynamic convolution; point set matching"
"27","249","salmonella typhi; microorganisms; bartonella bacilliformis; enterobacter cloacae; bacillus anthracis; bartonella; vibrio cholerae; corynebacterium pseudotuberculosis; plesiomonades shigelloides; pathogenic microorganism; c. difficile; corynebacterium glutamicum; listeria monocytogenes; myxococcales; salmonella enterica subtype typhi; leptospirosis; brucellosis; dysentery; pneumococcus; cryptosporidiosis"
"28","443","mu oscillations; internal desynchrony; oscillatory activity; behavioral pattern; motor evoked potential; p300 potentials; sleep spindle detection; repetitive activation patterns; motor activity; electromyogram; movement-related cortical potential; cardiorespiratory activity; burst-suppression; unstable eeg components; stable eeg components; auditory stimulation; respiratory arousal; electro- encephalograph; eeg suppression; head movements"
"29","472","psoriatic arthritis (psa); periodic limb movement disorder (plmd); differentiated thyroid cancer (dtc); community acquired pneumonia (cap); hiv-associated nonaids (hana); drug-induced immune thrombocytopenia (ditp); type 1 diabetes (t1d); cardiac sarcoidosis (cs); breast cancer (bc); ovarian cancer (oc); heart failure (hf); sleep apnea–hypopnea syndrome (sahs); atherosclerotic cardiovascular disease (ascdv); multiple myeloma (mm); cancer therapy-related cardiac dysfunction (ctrcd); bladder cancer (bc); pulmonary fibrosis (pf); heart valve diseases (hvds); osteoarthritis (oa); coronary atherosclerotic heart disease(chd)"
"30","1124","cross-modal; dynamic grouping; multi-discriminatory; time-delay; multi-band; surge models; dynamic early-exit; cross-modal interplay; variational problem; self-ensemble; multi-modal; retro-propagation; cross-covariance; prophet model; feedback mechanism; location specificity; mobile geopositioning; end-digit preference; multi-pooling; strong connection"
"31","307","ophthalmoscopy; retinal fundoscopy; corneal imaging; corneal tomography; slit-lamp; corneal arcus; retinal angiography; retinal screening; anterior segment optical coherence tomography; visual odometry; retinal photograph; optometry; ocular fundus imaging; fundus screening; vision loss; teleretinal screening; anterior segment oct; retinal imaging; contrastive loss; fovea centralis"
"32","354","anthraquinones; quaternions; indole derivatives; quinolines; alkaloid compounds; indoles; sanguinarine derivatives; phenolics; pyrazines; benzosuberones; cyclodextrins; epoxy compounds; coumarins; glycomimetics; dibenzepinones; guanidine alkaloids; pyrimidines; thiazoles; dna intercalation; racemethionine"
"33","629","pedicle recognition; iris localization; lesion partition; panoptic segmentation; iris scanning; lung sliding; bleeding zone localization; ear segmentation; landmark localization; tongue detection; tongue image; appearance; pulse-taking depth; rib matching; panorama; waterpipe; lesions detection; e-cube; close-out phase; lunging"
"34","1041","public auditing; coverage path planning; curriculum reform; referral model; usage decisions; full-cycle management; training requirements; referral efficiency; cds adoption; practice patterns; remote management; streamline integration; operational challenge; personnel delegation; closed-loop care pathway; teleproctoring; remote coaching; drug supply chain; technology acceptance lifecycle; surge management"
"35","1010","esprit; manubot; covidom; gae; mai; edevice; maude; crossvit; omicron; elsa; smotetomek; bae; ihe; uexplorer; masld; lifu; edis; eudamed; elt; deberta"
"36","354","postural stability; limb movement; trunk stability; foot acceleration; muscle coordination; dynamic balance; gait stability; leg strength; arm flexibility; walking balance; postural balance; hand movement; arm movements; joint moment; static balance; gait phases; joint force; hand strength; knee contact force; acceleration capacity"
"37","340","laparoscopic surgery; thyroid surgery; breast surgery; reconstructive surgery; open surgery; hip surgery; back surgery; musclectomy; knee surgery; spinal surgery; outpatient surgery; laparoscopic hernioplasty; telelactation; thoracoscopic surgery; hepatic surgery; endoscopic strip craniectomy; endoscopic surgery; breast reconstruction surgery; surgical amputation; decompression surgery"
"38","397","intensive care admissions; hospital discharges; pediatric hospital readmissions; rehospitalization; hospital readmission; hospital readmissions; hospital admissions; inpatient stay; emergency department usage; neonatal readmission; unscheduled return visits; readmission rate; recurrent admissions; hospital utilization; maternal morbidity; fatality rate; icu mortality; hospital mortality; mortality rate; 90-day readmission"
"39","282","immune therapy; radiation therapy; radio therapy; radioiodine therapy; antisense oligonucleotide therapy; proton therapy; mixed chemo-immunotherapy; selective internal radiation therapy; chemo-radiation therapy; adoptive t cell therapy; chemoradiation therapy; targeted drug therapy; antiangiogenic therapy; cryotherapy; immunochemotherapy; targeted therapy; hifu therapy; car t-cell therapy; chemotherapy treatment; thermal therapy"
"40","973","dashboarding; mhealth usability; internet penetration; voice-to-text technology; digital outreach; digital facilitation; ehealth adoption; smartwatch technology; technology acceptance; telenursing; feedback technology; remote consulting; portfolio analysis; web-scrapping; user-centric monitoring; home technology; mobile phone sensing; e-consultation; telehealth adaption; cpoe/cds market challenges"
"41","389","hematologic tests; biochemical test; liver function test; clinical laboratory test; laboratory results; semen analysis; bilirubin screening; serological test; colon biopsy; blood test samples; home sperm test; creatinine levels; platelet counts; thyroid function; liver biopsy; non-laboratory parameters; clinical laboratory tests; laboratory test; platelet count; laboratory test results"
"42","611","tda; fff; activity cliff evaluation; hypoglycemia prediction; blood pressure estimation; glucose level prediction; lactate level prediction; bed-egress analysis; load monitoring; blood glucose level prediction; brain shift; marginal decompression sickness; dexa; heart location; bed-side monitoring; temporal phenotyping; therapeutic substitution; blood pressure prediction; crbsi; spirography"
"43","597","vascular diseases; autoimmune disease; atherosclerotic cardiovascular diseases; rheumatic disease; cardiovascular diseases; chronic disease; vascular disease; inflammatory bowel disease; joint disease; joint diseases; kidney diseases; inflammatory bowel diseases; renal disease; rheumatic and musculoskeletal disease; cardiometabolic diseases; bowel disease; cardiovascular heart diseases; autoimmune diseases; sickle-cell disease; bronchopulmonary dysplasia disease"
"44","754","self-conversation; public emotions; routinisation; adaptive leadership; contextual integrity; relational constraints; trust model; personal model; emotional appeal; social comparison; contextual embedding; selfmanagement; emotional contagion; shared mindset; self-sabotage; contextual affordance; symbolic dynamics; unconscious bias; empowerment processes; contextualization"
"45","701","service quality assessment; service evaluation; quality of care evaluation; performance improvement; healthcare quality indicator; quality improvement tool; healthcare quality assessment; usage evaluation; service effectiveness; opioid stewardship; quality indicators; quality improvement framework; care coordination; service implementation; health care quality assessment; health system evaluation; performance assessment; patient safety indicators; healthcare pathways; clinical quality indicators"
"46","801","health medicine; healthcare development; reproductive medicine; health humanities; pediatric health; gynecologic health; health sciences; em medicine; health public; indigenous health; health science; health crisis; travel health; forensic medicine; medical dialogue; patient health; pediatric oncology; military health; forensic pathology; medical asymmetry"
"47","1156","dual-remask; saliency cut; cross-branch attention; mimo configuration; a-phase; uwf photograph; phase recognition; contact-tracing app; out-of-distribution generalization; inuit; marker recognition; synchrosqueezing transform; g-codes; in-distribution; 2d-resnet; pan-allele; t-vmf similarity; fused lasso; mapping adaptation; slac-time"
"48","412","emotional health; socioeconomic differences; health status disparities; social inequalities; structural inequalities; behavioral determinants; sociological factors; vaccine disparities; health risk profiles; health inequities; social disparity; racial disparities; racial disparity; social risk; psychological burden; health perceptions; race-ethnic disparities; health inequity; maternal mental health; psychological factors"
"49","343","heart arrhythmias; electrogram; ventricular repolarization; heart arrhythmia; ventriculoarterial coupling; cardiac electrophysiology; qrs complexes; atrial arrhythmias; atrial tachycardia; ventricular activation; qrs complex; ventricular arrhythmia; ventricular extrasystole; t-wave; qrs morphology; ventricular tachycardia; reduced lead ecg; arrhythmia recognition; atrial arrhythmia; atrial function"
"50","616","nested modification structure; transition model; autoregression; sequential models; idiographic modeling; hybrid models; time-event dependency; group dynamics; quantile differential mechanism; transition modeling; explainable survival machine learning; model bias; transition probability; predictive model; link-state estimation; longitudinal clustering; quadratic interpolation strategy; explainable ai models; utility function model; diagnostic models"
"51","542","health information management system; remote health monitoring system; quality management system; health decision-support system; health management information systems; hospital communication system; hospital communication systems; patient facing information systems; learning management systems; routine health management information system; automated monitoring and surveillance systems; driver monitoring system; mobile care system; nursing information system; data quality management system; integrated management system; medical decision support system; patient identification systems; driver monitoring systems; pharmacy information systems"
"52","926","health systems transformation; innovation stewardship; intersectoral collaboration; organisational adoption; intersector collaboration; social mobilization; organizational innovation; health system sustainability; organizational technology adoption; mutual accountability; awareness development; governance strategies; user-engagement; smart healthcare adoption; health systems strengthening; healthcare readiness; health system strengthening; community readiness; intersectoral communication; patient enablement"
"53","377","mirna sequencing; bulk sequencing; srna sequencing; single cell sequencing; linked-read sequencing; smrna-seq; transcriptom sequencing; shotgun sequencing; rna sequencing; single cell rna sequencing; whole genome sequencing; mnase-seq; merip-seq; scatac-seq; shallow whole genome sequencing; degradome sequencing; multiregion sequencing; clip-seq; drna-seq; cite-seq"
"54","1050","attraction; repulsion; capsid; olfactory; mif; carnitine; chondrocytes; hemolysis; maturation; ace; tryptophan; lactate; satiety; transporter; creatinine; penetration; cilia; midbrain; intravascular; capillary"
"55","1621","ica; bystander; limb; vc; som; teen; shoulder; multifactor; mch; artificial; mainstream; rag; weather; rbp; spatiotemporal; logistic; iron; responder; saving; discriminatory"
"56","603","adp ribose transferases; transcriptional gene regulation; histone modifying enzymes; transcription factor-dna binding; ribosomal proteins; heat shock proteins; transcriptional regulation; chromatin remodelling; transcription regulation; repressor proteins; transcription cofactor; heat-shock proteins; transcriptional activation; dna helicases; wnt proteins; dna repair enzymes; protein kinases; cellular signalling networks; cytoskeletal proteins; zinc fingers"
"57","666","transition of care; collaborative care; tailored care; timely decision-making; health decision-making; interprofessional care; coordinated care delivery; team-based care; personalised care; coordination of care; integrated patient care; patient-centered communication; transitions of care; continuity of care; goal-oriented care; health care decision-making; transitions in care; patient-focused care; mobile prenatal education; linkage to care"
"58","671","vbhc; aal; rsi; imf; mgf; mipd; cmi; mbti; cih; vmr; rpim; smp; ocmr; ghi; agi; rmlc; wsd; mml; bdd; fmlh"
"59","282","anxiety disorders; mood and anxiety disorders; anxiety/anxiety disorders; anxiety disorder; depressive disorder; mood disorder; personality disorders; affective disorder; depressive disorders; dysthymic disorder; affective disorders; psychological disorders; personality disorder; mood disorders; common mental disorder; common mental disorders; emotional disorders; psychotic depression; bipolar and related disorders; psychotic disorders"
"60","190","myanmar; morocco; puerto rico; samoa; haiti; south ethiopia; alabama; zimbabwe; liberia; yemen; east africa; sub-sahara africa; central gondar zone; east asia; moroccan; middle east; sierra leone; kentucky; ukrainian; gauteng province"
"61","669","vaccine passport; medical sharing; public consultation; academic innovation; health management platform; multisource information; health and research platforms; midcareer development; portal delegates; trusted research platforms; personal health information sharing; biobanks; blood donation; innovators; biomedical innovation; health data governance; mutual aid; research development; medical informatics initiative; multistakeholder collaboration"
"62","340","dynamic functional network; gene relation network; differential co-expression network; topological network; subcellular gene neighborhood network; microbial heterogeneous interaction network; network modules; functional network; differential co-expression networks; hierarchical regulatory network; coexpression network; network module; host factor interaction networks; functional relationship network; network topology; interaction networks; functional networks; interaction network; protein-protein interaction networks; gene coexpression network"
"63","713","social chatbot; voice chatbot; paging; vehihealth; sparked; racist; subsumption; crowdfund; ride-hailing; dream challenge; fear appeals; public demand; mypas; unary potential; sensemaking; hoarding; grow-cut; overwork; eyeseecam; smart speaker"
"64","743","immune; disease; news; prophet; tech; vrat; nephropaty; cardio; healthvault; oncotop; forum; pbrn; modafold; health ecosystem; campaign; origins; journal; breast; clinic; prehab"
"65","508","youth and young adults; transgender and gender diverse adults; hispanic women; marginalized communities; chinese community residents; african american women; low income population; african americans; independently living thai seniors; children and young people; abortion seekers; young persons; immigrant women; homeless youth; vulnerable individuals; teenagers; chinese young people; minority women; black youth; minority languages"
"66","564","critical care transport; emergency care; pre-hospital transfer; emergency triage; emergency departments management; remote consultation; pediatric care; emergency department boarding; acute hospital; hospital administration; emergency medicine triage; hospital communication; patient service; acute care; cardiac care; emergency patient transport; patient triage; emergency dispatch; in-hospital; intrahospital transport"
"67","478","joint fusion; axial stability; fixation stability; deformity correction; bone fusion; high tibial osteotomy; knee replacement; weight instability; spinal fusion; bone fracture fixation; fibular transfer; bone fixation; prosthesis fitting; hip implant; intramedullary nailing; vertebrae fusion; implant position; knee injury; spine stability; vertebral augmentation"
"68","648","interpersonal continuity; interpersonal connection; social connection; ambivalence; affective commitment; victim support; social inclusion; relational capacity; social modeling; psychological attitudes; social competence; social acceptance; episodic support; cultural competence; social isolation; cultural sensitivity; social participation; self-isolation; interpersonal sensitivity; emotional exhaustion"
"69","637","mobile ehealth technology; health information exchanges; social networking technology; digital health adoption; connected health technologies; health information usage; smart wellness service; patient health information exchanges; smart home technology; online health consultation; remote patient care technologies; interactive voice response mhealth; digital service development; smart home technologies; social networking apps; digital health and wellness apps; use of mobile phone applications; mobile social media websites; ehealth apps; health and wellness mobile applications"
"70","799","disease recognition; treatment policy; disease progression prediction; skin disease prediction; medication prediction; patient trajectory prediction; delirium prediction; hiv risk prediction; discharge predictions; screening model; treatment individualisation; pregnancy prediction; treatment strategy; symptom recognition; decompensation prediction; disease awareness; polypharmacy side effect prediction; patient subtyping; symptom surveillance; disease specificity"
"71","870","treatment requirement; exacerbation detection; disease distance; severity estimation; treatment initiation prediction; admission avoidance; diagnosis system; prevalence inflation; ultrasound appointment strategy; patient deterioration detection; time to onset algorithm; infection prediction; reopening policy; admittance control; management tool; disease documentation; admission preferences; disease embedding; diagnosis information; treatment modulators"
"72","451","nodule diagnosis; polyp diagnosis; ultrasound diagnosis; diagnostic delay; medical diagnostic; kidney stone recognition; radiological exam; imaging diagnosis; histopathological features; diagnostic reports; auxiliary diagnosis; skin lesion classification; breast radiological reports; clinical ct; cervical lesion classification; aided diagnosis; biopsy; diagnostic radiology; mammographic mass classification; ct reports"
"73","348","drug toxicity; drug drug interactions; drug interaction; drug target interaction; adverse drug effects; drug-related side effects; drug effectiveness; vaccine adverse effects; drug-allergy interaction; drug efficacy; drug response; drug-drug interactions; drug-lab interactions; drug interactions; opioid-drug interaction; cancer drug side effect; herb-drug interactions; drug-disease relationship; cardiac drug safety; safety information"
"74","469","viral vaccines; peptide vaccines; drug candidates; antiviral peptides; rna-based therapeutics; antiviral peptide; antiviral drug; drug carriers; tubulin modulators; biological medicines; therapeutic systems; antifungal peptides; anticancer peptides; peptide-based therapies; protein vaccines; dna vaccines; peptide vaccine; host-directed antivirals; rnai therapy; chemotherapeutic drugs"
"75","356","digiphrame; rhazya stricta; echinodermata; eremurus spectabilis; musa; prototheca; ocotea; bambusa; bacopa monnieri; endophytes; lichen planopilaris; tylenchida; odonata; cryptotanshinone; elizabethkingia anophelis; chinchilla; secoiridoids; pimpinella; jeevaneeya rasayana; avena"
"76","491","galectin 3; transglutaminases; tissue transglutaminase; ppp2ca; glutaminase; cyclin a; tnfrsf10a; cytidine deaminase; cyclin-dependent kinase inhibitor p16; nrf2 pathway; akr1c3; lin28a; hydroxymethylglutaryl coa reductases; gpx3; kpna2; dihydrofolate reductase; irakm; tnfrsf9; col4a4; tryptophan hydroxylase"
"77","438","neoplasm staging; tumor evolution; tumor grading; tumor purity prediction; tumor budding; tumor heterogeneity; breast tumor detection; tumor morphology; tumor evolutionary pattern; cancer staging; tumor grade; tumor cells; tumor subtyping; tumor staging; cancer stages; cancer relapse; tumor biopsy; tumour radiomics; malignant cell detection; polyp staging"
"78","460","antimalarials; antiparkinson agents; calcineurin inhibitors; anticonvulsants; dopamine agents; erythropoetin stimulating agents; antimalarial drug; oxycodone; medical drugs; pde5 inhibitor; oral nicotine products; psychotropics; psychotropic drugs; antiemetics; vitamin k antagonist; antirevirals; polymyxin analogues; hypoglycemic agents; drug substitution; anticonvulsant"
"79","288","protein-peptide interaction; protein-rna interaction; mrna-protein interaction; protein–peptide interaction; antibody–antigen interaction; enhancer–promoter interaction; drug–protein interaction; protein-protein interaction; metabolite–protein interaction; protein–nucleic acid interaction; protein–protein binding; protein–rna interaction; fluid–structure interaction; mirna–mrna interaction; promoter–enhancer interactions; cell–cell interaction; lncrna–mrna interaction; cell-cell interaction; protein–dna interaction; enhancer–promoter interactions"
"80","345","antigens, bacterial; antigens, neoplasm; antigens, viral; receptors, antigen; genes, viral; antigens, cd; genes, neoplasm; antibodies, neoplasm; transduction, genetic; receptors, kir; translocation, genetic; antigens, cd34; receptors, complement; receptors, hiv; precursor cells, b-lymphoid; killer cells, natural; dna, viral; genes, cdc; toxins, biological; genes, reporter"
"81","517","health records; medical shift data; routine health data; healthcare records; routine health care data; medical volume data; primary health care data; care records; patient health data; shared care records; tethered personal health records; medical checkup data; longitudinal patient records; routine care data; electric health records; health-related data; primary care data; electronic health/medical records; electrical health records; cancer registry data"
"82","535","sallis; netflix; stoa; coxboost; ventavis; sivelestat; nioccs; edusalts; maic; parachute; euler characteristic; noda smartcapture; bothrops; monai; hololens; mpox virus; hardi; remdesivir; acinonyx; catboost"
"83","411","recruitment system; intervention; vitals measurement; patient condition; visit type; repeated blood donation intervention; medication population study; pse interventions; patient similarity; patient control; cohort definition; patients adherence; patient types; patient volume; patient acuity; population coverage; location; patients safety; patient matching; recruitment strategy"
"84","612","choristoma; sesamoiditis; cervical lesions; breast lesion; neurofibroma; nevi; nidus; pilomatricoma; warts; calcinosis; retrosynthesis; bone on-growth; nephroblastoma; glottis; cystadenomas; blisters; adenomyosis; velcro crackles; breast lesions; jaw cyst"
"85","361","electro dermal activity (eda); capacitive ecg (cecg); autonomous sensory meridian response (asmr); electrooculogram (eog); respiration pattern variability (rpv); time–averaged pressure (tap); respiratory myogram interference; contraction monitoring; ssvep blocking response (ssvep-br); intracranial eeg (ieeg); seismocardiography (scg); seismocardiogram (scg); pulse-to-pulse interval (ppi); hearth rate monitoring; cardiopulmonary coupling (cpc); neural respiratory drive (nrd); vectorcardiogram (vcg); eeg recognition; electroencephalogram classification; mi-eeg"
"86","409","web health information; translational research; faers database; digital health; digital health application; digital services; mobile health application; health website; health information resource; mobile health applications; public databases; digital health applications; vaccine communication; health information database; digital health communication; digital health data; patient online reviews; health information website; electronic health; medical communication"
"87","234","risky health behavior; risky behavior; health seeking behavior; health-related behavior; information seeking behavior; health-seeking behavior; risk-taking behavior; health information seeking behavior; health information-seeking behavior; high-risk behavior; health care-seeking behavior; help seeking behavior; reactive behaviors; health care seeking behavior; information-seeking behavior; health information–seeking behavior; protective behavior; sugar reduction behaviors; information seeking behaviors; health-seeking behaviors"
"88","333","genotype-phenotype association; genotype–phenotype association; disease heritability; genetic association studies; gene pleiotropy; qtl analysis; rare variant association study; gene–trait relationship; gene–phenotype associations; gene association analysis; genetic polymorphisms; rare variant genetic association studies; genetic pleiotropy; quantitative genetic model; disease–gene association; genetic results; polygenic disease risks; correlated pleiotropy; quantitative trait locus analysis; gene–disease association"
"89","440","physical fitness assessment; health status assessment; distress screening; quality of life assessment; psychosocial measures; health status measurement; patient activation measure; readiness assessments; healthfulness assessment; daily life measures; satisfaction survey; health score; health status; frailty assessment; sleep quality assessment; frailty tools; mental health status; service quality questionnaire; home-based assessment; physical function profile"
"90","402","activity target prediction; protein–ligand binding site prediction; binding affinity prediction; protein property prediction; target prediction; drug-target binding affinity prediction; drug-target prediction; kinase activity prediction; protein–protein interaction prediction; ppi sites prediction; glutarylation prediction; protein folding prediction; protein interaction prediction; protein energy prediction; protein–dna binding site prediction; drug-target affinity prediction; protein–protein interaction site prediction; peptide toxicity prediction; protein-compound affinity prediction; protein disorder prediction"
"91","594","flapping system; teleassessment; prosthetic control; augmented realitiy; in-body devices; hip preservation; marker placement; blind insertion; in-ear; surgical backlog; foreshortening; vague-segment technique; multi-size guiding matching; first-level digital divide; diagnostic device; surgical robot; machine laerning; needle placement; prosthesis control; replacement augmentation"
"92","743","gene fingerprint model; class-activation map; disorder prediction; spatial trainscriptomics prediction; model annotations; activity transition; pssm matrix; interaction detection; dta prediction; cell type prediction; tcr prediction; cell type clustering; smorf annotation; cell type correlation; domain shift; enhancer strength prediction; cnv inferring; triplet prediction; regulatory fit; motif importance"
"93","424","physical activity pattern; sun exposure; physical activity; sodium consumption; behavioral habits; high sodium intake; fat consumption; customized dietary recording; sugar consumption; diet planning; nutrition and physical activity; sleep hygiene; diet habits; consumption pattern; sodium intake; dietary habits; snack consumption; sleeping habits; physical inactivity; physical stimulation"
"94","380","artery stenosis; coronary bifurcation; aortic valve disease; aortic regurgitation; aortic disease; coronary artery lesion; aortic stenosis; symptomatic aortic stenosis; coronary artery; coronary stenosis; aortoiliac bifurcation; coronary angioplasty; nonobstructive coronary arteries; coronary artery stenosis; artery disease; intracranial artery stenosis; coronary artery lesions; left main coronary artery; aortic valve stenosis; eccentric stenosis"
"95","812","virality; heat transfer; peptide toxicity; drug efficiency; viral perturbations; antigen binding; time series selective mechanism; biological variability; particle transport; bacterial adhesion; mass transfer; light attenuation; gradient centralization; cell type heterogeneity; parasite development; tissue components; microaggression; cellular heterogeneity; host adaptations; tissue heterogeneity"
"96","550","molecular pathology; molecular medicine; genomic research; connectomics; biomedicine; developmental biology; cell vaccines; viral genetics; cell biology; viral genomics; cellular biology; cell lineage; neural engineering; biologicals; stem-cell biotechnology; regenerative medicine; pathogen discovery; stem cell development; brain chemistry; bioelectronics"
"97","784","in-consultation; vaccination promotion; physician wellness; purchase pattern; care lifecycle; e-visits; pharmacy practice models; in-person; tele-visit; treatment access; physician choice making; remote education; workplaces; medicine shortages; e-referral; doctor attributes; home visiting; in-person care; self-led; distance counseling"
"98","975","communication standards; workload balancing; disease stigma; provider pairing; nurse technology fund; clinic layout; performance agreements; chain cover; help-seeking technology; policy iteration; pediatric confidentiality; community mitigation; relocation problem; self-rescheduling tool; protection motivation; telenursing care; health-related wechat public account; training service; message frame tailoring; communication inequalities"
"99","680","explainable artificial intelligence (xai); wireless information transfer (wit); vectorial architecture (vsa); body channel communications (bcc); virtual network mapping (vnm); human–computer interaction (hci); contingency management (cm); transmission power decision control (tpdc); human computer interaction (hci); channel state information (csi); health information system (his); wireless body area network (wban); flexible macroblock ordering (fmo); smart body area network (smartban); body area networks (bans); quality function deployment (qfd); plithogenic similarity measure (psm); intrabody communication (ibc); connectome-based prediction model (cpm); dominant rotated local binary pattern (drlbp)"
