cluster_id,total,2011,2012,2013,2014,2015,2016,2017,2018,2019,2020,2021,2022,2023,2024,2025
0,368,0,0,1,14,12,27,13,23,18,52,36,40,46,31,55
1,2699,43,47,65,64,77,96,105,114,169,265,322,275,315,376,366
2,58,0,2,4,2,4,1,2,4,4,3,4,5,8,7,8
3,78,0,0,1,2,3,1,3,1,3,1,10,10,15,14,14
4,794,17,27,39,23,38,51,51,56,76,114,68,51,50,51,82
5,310,12,17,12,18,14,8,17,25,28,20,18,28,27,32,34
6,86,0,1,1,2,3,1,4,2,1,11,10,10,15,12,13
7,147,5,8,1,4,8,8,7,8,11,10,15,15,13,19,15
8,69,1,1,0,2,4,3,2,7,7,8,12,3,4,6,9
9,221,0,0,1,1,3,9,14,18,16,38,22,21,24,27,27
10,334,8,13,7,19,19,21,16,13,28,30,29,30,37,35,29
11,165,0,0,0,3,5,3,10,6,15,21,21,12,21,22,26
12,164,8,5,8,4,4,3,6,5,10,11,19,22,17,20,22
13,447,1,3,8,9,9,11,6,10,21,28,28,38,56,76,143
14,77,0,0,1,1,1,8,3,7,5,8,7,4,9,5,18
15,161,0,0,5,5,5,6,4,11,12,15,13,15,19,20,31
16,644,1,1,18,18,26,45,32,29,35,73,83,57,69,84,73
17,93,1,1,0,2,2,6,3,3,7,10,9,10,10,12,17
18,755,11,6,12,13,13,25,41,68,50,116,92,62,79,65,102
19,75,3,4,3,3,9,3,1,3,2,3,8,6,5,8,14
20,61,0,0,1,3,0,2,0,2,3,6,3,7,5,10,19
21,329,0,0,3,6,3,9,18,38,53,31,39,28,34,35,32
22,1981,233,353,220,116,127,38,53,126,115,83,88,61,65,137,166
23,95,0,0,6,1,5,9,4,6,4,8,12,6,6,12,16
24,57,1,1,4,3,4,4,4,3,2,3,8,3,5,3,9
25,89,2,6,2,14,4,5,4,4,4,2,6,7,8,14,7
26,39,1,0,1,1,1,1,0,2,2,6,2,6,2,6,8
27,87,1,0,1,0,3,3,3,5,8,10,6,12,5,15,15
28,135,1,2,4,3,7,6,4,7,7,7,21,15,18,18,15
29,271,0,0,3,4,3,6,2,1,10,9,30,41,49,61,52
30,55,0,0,0,2,2,1,1,3,0,3,4,7,9,13,10
31,251,1,2,9,17,18,18,16,15,14,20,17,24,18,25,37
32,34,0,0,0,0,0,0,0,2,4,2,3,3,3,4,13
33,674,22,30,19,36,91,71,33,48,63,36,19,22,26,77,81
34,75,3,2,1,3,7,6,8,3,5,4,5,8,4,4,12
35,71,0,0,3,1,6,2,4,4,3,3,5,6,12,7,15
36,953,27,32,39,37,36,52,46,59,69,91,78,77,87,104,119
37,90,1,5,1,4,3,3,5,4,8,1,8,8,6,13,20
38,275,12,13,10,22,13,13,13,12,21,18,28,16,27,19,38
39,180,2,1,1,6,2,6,5,7,9,14,22,22,30,20,33
40,289,1,7,2,5,6,9,11,9,13,39,27,24,36,50,50
41,62,0,0,1,5,0,2,1,5,5,5,11,5,8,7,7
42,166,3,3,2,4,5,7,6,5,17,13,28,13,14,18,28
43,37,0,1,1,0,1,3,3,2,2,4,4,4,3,4,5
44,98,0,0,1,0,3,4,7,2,6,11,11,8,6,17,22
45,192,1,0,1,0,0,0,0,0,1,0,11,24,37,59,58
46,359,15,23,17,11,10,8,19,9,15,23,27,33,34,48,67
47,201,0,0,0,0,0,0,0,0,0,12,55,33,39,31,31
48,52,0,0,2,1,1,1,1,1,3,2,10,3,2,9,16
49,93,0,0,1,2,1,1,4,2,2,7,12,11,14,16,20
50,76,1,2,5,1,5,5,4,3,6,7,8,6,9,3,11
51,331,9,11,7,5,7,11,17,21,24,35,36,37,25,37,49
52,433,22,33,17,9,10,16,13,21,36,42,37,33,40,59,45
53,774,14,28,20,24,26,22,21,34,46,64,69,76,72,101,157
54,94,0,0,1,0,0,3,2,4,13,8,11,7,11,10,24
55,43,0,0,0,3,0,2,0,1,4,7,4,4,9,4,5
56,187,4,2,4,9,9,15,11,5,10,26,14,27,16,22,13
57,382,13,13,10,19,11,16,27,18,25,30,37,34,30,46,53
58,176,27,6,18,11,7,3,2,6,10,4,15,12,16,20,19
59,143,0,0,1,1,2,4,3,4,8,7,12,18,22,34,27
60,206,0,0,2,4,3,8,6,14,6,23,27,27,22,18,46
61,199,2,7,4,5,2,2,11,8,10,17,22,23,22,28,36
62,100,0,0,5,1,3,2,6,8,6,7,11,10,13,12,16
63,497,13,5,7,32,45,21,67,58,30,46,32,35,36,28,42
64,505,9,9,13,17,16,11,38,57,47,42,48,43,36,51,68
65,328,1,0,2,8,4,6,10,7,21,25,31,42,53,54,64
66,53,0,0,2,4,4,2,3,2,1,4,2,5,1,8,15
67,189,1,2,2,8,5,10,12,9,13,18,27,13,16,29,24
68,788,65,90,65,38,35,17,35,37,46,70,64,60,53,53,60
69,147,0,1,1,0,4,3,6,11,16,6,17,13,22,22,25
70,136,3,4,4,8,6,4,5,3,7,12,17,17,13,19,14
71,96,2,1,5,6,5,8,6,2,5,7,10,11,5,12,11
72,103,6,10,7,1,2,3,2,3,4,8,3,10,8,9,27
73,88,0,0,0,2,5,0,2,3,2,5,10,9,15,18,17
74,80,0,0,0,2,1,3,4,3,7,4,12,7,11,11,15
75,737,9,18,18,53,64,63,61,63,73,64,52,51,65,50,33
76,120,4,3,5,5,6,3,3,8,11,16,11,7,8,12,18
77,126,0,1,1,7,14,15,5,11,13,7,7,9,12,12,12
78,348,21,16,28,14,7,17,23,27,30,27,20,18,29,25,46
79,94,1,2,2,2,0,3,3,5,9,9,13,9,6,17,13
80,78,0,0,2,3,5,5,9,3,3,2,5,6,11,11,13
81,402,1,4,10,23,18,24,18,21,32,20,44,34,45,44,64
82,195,1,1,6,6,4,8,10,5,9,10,22,24,21,35,33
83,93,2,4,0,6,2,2,4,4,9,5,6,6,11,11,21
84,468,38,35,22,30,32,23,25,27,35,27,19,36,35,43,41
85,210,2,1,2,4,8,9,6,6,17,18,25,17,31,30,34
86,182,4,1,4,1,4,5,8,7,14,11,20,20,26,22,35
87,64,3,2,5,1,8,2,4,7,5,3,7,3,6,3,5
88,56,0,0,2,4,3,2,8,1,3,1,5,7,3,7,10
89,156,0,0,4,7,8,10,16,10,12,16,8,15,11,19,20
90,122,1,5,4,4,9,2,5,11,8,9,11,11,10,17,15
91,241,7,6,2,4,4,10,8,7,15,14,39,19,30,34,42
92,90,4,8,2,5,4,1,4,4,1,3,12,8,8,11,15
93,138,7,5,9,4,4,1,3,9,6,10,12,13,14,9,32
94,68,0,0,6,8,4,3,6,5,8,5,2,1,7,3,10
95,70,0,0,1,2,5,2,1,8,4,4,8,9,4,7,15
96,126,8,4,3,3,6,4,2,1,2,11,12,20,14,20,16
97,31,2,6,0,1,1,0,0,1,1,1,0,3,6,3,6
98,151,0,0,0,2,3,4,1,4,4,6,16,12,23,31,45
99,154,1,2,3,4,6,2,9,9,12,16,13,9,17,17,34
100,106,0,0,2,7,9,4,8,12,8,7,1,7,11,9,21
101,106,1,13,6,13,13,4,5,8,8,6,4,4,3,7,11
102,71,1,3,2,2,1,1,4,1,4,1,6,7,8,14,16
103,195,2,4,0,2,4,2,4,6,6,25,26,19,21,34,40
104,131,1,5,2,7,3,4,4,11,10,10,14,10,14,15,21
105,101,4,6,5,0,3,4,5,2,6,8,9,7,15,13,14
106,261,3,6,7,9,12,14,10,14,19,27,28,25,31,25,31
107,479,27,31,23,21,21,24,17,24,28,18,31,46,39,52,77
108,433,5,16,10,17,20,27,17,20,33,34,34,46,34,58,62
109,144,0,2,0,2,3,6,5,6,7,11,13,16,23,24,26
110,1948,101,146,101,94,103,64,78,96,111,149,160,159,166,194,226
111,141,1,7,3,3,3,8,1,2,3,5,10,14,18,26,37
112,170,3,2,3,7,4,2,10,5,13,20,14,22,21,21,23
113,80,0,0,0,8,4,18,8,10,7,6,5,3,7,2,2
114,165,10,8,5,2,13,3,10,9,6,20,14,13,13,17,22
115,207,0,0,2,7,8,9,7,8,14,23,27,20,25,19,38
116,169,0,0,3,6,1,10,6,8,7,14,18,17,23,25,31
117,108,0,2,0,1,1,2,3,4,5,9,22,9,14,15,21
118,105,1,2,1,2,6,3,7,3,6,11,12,10,6,9,26
119,449,3,14,17,25,23,23,25,21,33,36,44,36,52,48,49
120,55,1,1,0,1,4,3,2,2,6,5,4,9,4,3,10
121,184,4,10,10,3,8,5,5,10,9,23,21,10,11,19,36
122,45,2,4,4,4,1,3,1,2,3,3,3,1,2,6,6
123,242,1,1,5,5,8,4,9,13,12,14,24,32,33,28,53
124,248,19,18,12,25,26,17,17,19,21,8,10,15,15,9,17
125,339,2,2,10,12,14,35,22,18,29,25,38,29,28,44,31
126,39,0,0,0,1,0,1,1,1,0,3,7,6,5,6,8
127,142,0,2,1,5,9,7,6,11,21,10,7,16,16,11,20
128,181,2,13,7,7,5,15,9,8,18,9,17,14,14,25,18
129,429,10,12,13,7,14,25,17,21,35,44,49,37,49,52,44
130,692,19,27,24,13,33,34,43,51,55,68,59,49,61,62,94
131,880,16,17,20,55,87,53,51,53,65,73,70,70,67,92,91
132,187,0,2,0,3,1,2,5,3,6,8,18,25,35,33,46
133,98,0,0,2,1,3,3,1,3,5,10,14,7,12,12,25
134,249,5,2,5,29,16,16,10,13,21,10,26,30,22,21,23
135,401,21,35,28,13,21,13,13,14,10,23,26,28,45,46,65
136,304,3,7,9,3,7,8,5,12,16,29,36,29,35,54,51
137,176,0,0,3,8,7,6,10,13,11,26,25,16,20,20,11
138,166,3,1,1,6,6,4,1,7,8,13,11,19,26,25,35
139,46,3,6,1,2,2,1,0,0,2,2,3,6,7,2,9
140,203,12,31,11,11,5,8,8,17,11,10,10,16,18,13,22
141,186,6,1,2,5,3,3,4,13,7,17,21,14,26,27,37
142,290,13,9,10,8,10,12,13,26,19,29,22,22,26,28,43
143,176,5,2,10,10,14,11,14,16,13,11,11,16,9,14,20
144,135,5,0,0,12,14,10,9,14,12,6,13,9,6,13,12
145,221,6,2,6,7,10,11,8,5,12,31,28,21,20,25,29
146,142,4,3,4,5,10,4,4,8,15,9,12,14,13,11,26
147,197,16,20,11,14,12,12,12,11,14,15,18,11,10,12,9
148,212,13,13,7,10,8,8,8,8,11,11,15,18,30,27,25
149,395,36,45,30,21,23,8,10,21,17,20,36,29,24,28,47
150,349,0,0,4,7,9,13,14,12,16,32,25,37,35,61,84
151,135,0,1,1,0,2,4,4,9,11,15,11,16,13,22,26
152,54,1,0,0,3,1,1,1,1,2,2,6,9,8,6,13
153,152,0,0,5,3,6,3,8,9,11,8,22,14,17,16,30
154,677,44,45,48,26,33,34,32,47,67,56,38,38,49,54,66
155,123,0,0,3,4,4,9,5,9,11,18,10,9,12,10,19
156,109,0,0,3,7,13,9,11,5,8,8,4,13,7,10,11
157,361,5,8,4,9,6,12,22,21,21,29,44,23,35,37,85
158,230,6,9,5,1,16,4,12,15,10,14,21,32,26,34,25
159,131,0,4,4,5,3,5,6,2,9,11,6,21,15,20,20
160,1256,30,43,70,70,65,73,96,60,73,94,116,108,92,116,150
161,106,3,5,3,7,3,5,2,6,4,7,15,12,11,16,7
162,1884,217,306,195,92,107,39,52,119,108,92,86,63,80,144,184
163,111,3,1,7,5,6,6,8,10,9,9,4,12,8,11,12
164,124,3,1,1,2,3,3,3,2,3,2,18,20,34,13,16
165,80,1,2,2,1,3,1,6,4,8,5,5,7,8,13,14
166,66,0,0,0,1,1,3,4,3,1,4,4,7,14,9,15
167,72,1,2,6,2,4,5,4,4,5,2,8,4,5,5,15
168,986,68,44,52,40,44,54,57,110,77,66,68,57,75,81,93
169,368,6,6,10,4,7,23,13,21,26,30,32,31,45,43,71
170,56,3,8,2,3,1,3,3,4,4,2,4,5,4,5,5
171,395,2,3,4,3,4,10,8,14,27,26,28,46,59,75,86
172,69,1,1,5,3,2,3,4,2,7,7,9,6,3,8,8
173,136,5,7,5,3,7,6,5,6,12,16,23,8,10,10,13
174,63,1,0,1,3,1,0,6,5,6,4,9,7,4,7,9
175,273,6,7,8,8,11,2,9,6,8,29,59,44,33,24,19
176,159,1,1,1,17,15,7,10,13,13,10,13,14,17,12,15
177,136,14,9,7,3,6,3,2,10,8,10,16,15,9,11,13
178,80,0,0,3,3,5,0,6,6,5,5,5,10,12,8,12
179,387,0,0,1,2,2,5,3,8,7,22,32,31,73,75,126
180,84,0,0,1,3,1,8,1,5,3,6,5,9,10,13,19
181,81,2,3,5,8,10,7,1,4,1,5,10,5,7,5,8
182,69,2,2,1,1,3,4,4,3,2,6,9,4,8,10,10
183,128,4,4,4,2,5,5,10,4,7,7,15,12,15,16,18
184,122,3,3,6,4,4,4,3,7,8,17,11,11,7,18,16
185,154,4,4,1,9,11,8,16,14,8,12,16,15,10,13,13
186,98,0,0,1,2,1,6,4,6,9,6,8,14,10,9,22
187,625,26,29,31,57,78,48,50,65,42,33,31,24,34,36,41
188,91,7,13,5,3,17,3,5,5,3,6,6,6,5,3,4
189,400,10,25,24,12,16,18,18,24,10,31,38,26,34,58,56
190,411,0,0,5,15,11,8,11,15,30,40,38,42,49,55,92
191,120,0,2,3,2,4,4,6,5,8,10,13,17,18,15,13
192,56,0,0,3,0,4,2,1,1,6,4,7,2,6,6,14
193,105,2,1,1,1,1,2,0,2,3,3,13,16,14,16,30
194,137,0,0,0,1,0,1,2,2,3,5,17,34,26,24,22
195,96,4,5,2,8,26,5,12,7,4,3,5,0,4,4,7
196,111,8,3,4,1,4,1,3,3,3,6,8,10,11,16,30
197,543,12,11,8,8,7,14,14,26,32,43,32,46,72,95,123
198,264,5,8,9,11,10,11,12,16,23,22,26,22,17,32,40
199,156,2,0,2,6,6,4,10,6,12,11,22,14,11,16,34
200,103,0,0,1,1,4,10,5,9,11,14,7,11,9,10,11
201,175,0,0,1,1,2,2,5,1,6,14,32,20,32,30,29
202,57,0,0,2,1,2,1,6,2,3,6,6,2,8,10,8
203,374,2,5,7,8,7,15,20,23,24,24,36,34,37,52,80
204,176,0,0,3,8,14,5,14,16,14,6,15,14,12,15,40
205,84,0,0,0,2,2,4,1,4,2,12,8,5,9,15,20
206,180,3,5,7,15,10,12,17,9,11,12,17,13,11,16,22
207,1218,15,19,15,17,19,18,32,34,69,115,105,96,125,173,366
208,87,5,6,4,4,11,4,7,4,9,3,2,5,4,8,11
209,57,0,1,1,5,2,2,1,4,1,3,8,4,6,12,7
210,870,101,137,85,17,16,10,14,47,33,39,85,59,59,73,95
211,76,9,2,7,4,5,2,4,5,3,5,9,6,3,5,7
212,84,1,1,3,4,3,5,5,1,7,6,10,7,4,10,17
213,69,1,4,4,2,0,3,2,2,4,4,7,4,8,9,15
214,62,0,1,0,1,4,2,3,1,6,7,5,10,8,6,8
215,46,0,1,1,1,3,2,1,2,1,2,2,1,10,6,13
216,116,3,3,5,3,6,4,2,1,10,9,4,9,17,11,29
217,288,1,0,13,18,11,18,22,10,8,42,30,29,31,24,31
218,140,2,1,2,6,5,2,8,7,10,9,14,14,20,14,26
219,68,0,0,1,0,7,4,4,3,5,3,6,2,6,13,14
220,135,0,0,0,6,10,5,9,4,7,5,12,13,27,20,17
221,61,1,4,4,6,0,3,5,2,3,6,3,4,5,6,9
222,225,1,2,6,0,3,4,10,9,13,19,29,22,43,28,36
223,65,1,3,2,4,2,5,2,3,1,4,3,7,6,10,12
224,144,0,4,6,3,6,5,10,10,23,8,9,17,10,11,22
225,343,10,7,10,10,19,8,18,21,16,26,29,47,38,32,52
226,151,0,0,0,3,2,2,7,8,6,9,15,25,19,22,33
227,99,4,7,7,7,6,5,7,4,10,8,3,7,8,7,9
228,89,2,3,4,4,5,5,3,5,7,3,11,7,4,9,17
229,144,0,0,3,5,5,8,12,6,12,12,21,19,11,14,16
230,884,10,15,10,15,35,18,36,40,47,76,77,106,94,126,179
231,14,0,0,0,2,1,0,0,1,2,0,1,0,1,0,6
232,402,7,10,15,8,12,18,19,31,29,42,36,38,32,41,64
233,36,0,0,1,3,1,1,1,2,1,3,3,3,7,5,5
234,252,1,7,9,25,21,26,18,10,19,17,23,14,10,16,36
235,45,0,0,1,1,1,5,4,2,4,6,4,4,4,5,4
236,211,16,29,14,8,5,7,11,6,16,26,19,15,12,11,16
237,100,3,6,5,5,13,4,7,8,4,5,11,8,6,10,5
238,191,0,2,2,0,2,8,5,8,17,24,37,21,20,23,22
239,107,0,1,1,5,5,9,5,2,7,7,12,8,14,16,15
240,99,2,1,4,1,6,3,6,2,3,6,7,10,14,15,19
241,229,0,0,6,4,8,6,3,2,8,10,30,40,34,43,35
242,164,4,5,7,3,10,1,1,7,14,10,16,10,18,23,35
243,126,0,0,0,1,6,8,7,8,12,6,7,13,12,15,31
244,649,0,0,0,11,26,33,31,59,76,97,76,72,54,55,59
245,206,0,1,4,4,14,11,10,7,12,19,14,15,23,35,37
246,80,3,6,2,1,1,4,0,4,4,8,7,10,12,9,9
247,77,0,0,0,3,5,1,4,3,5,7,5,12,6,8,18
248,507,0,2,11,13,14,20,12,19,27,41,48,40,75,73,112
249,69,2,4,4,0,3,2,3,2,3,4,4,3,6,10,19
250,33,0,0,0,4,2,2,3,1,2,2,6,7,2,2,0
251,109,2,7,4,5,4,3,7,6,5,12,16,9,13,5,11
252,49,0,2,1,1,1,0,1,1,2,6,2,6,4,10,12
253,200,16,20,8,11,10,13,5,14,7,15,14,20,12,16,19
254,90,3,5,3,2,10,7,5,5,5,3,4,5,8,7,18
255,141,2,6,4,5,4,2,7,2,4,9,6,17,17,19,37
256,130,4,1,2,4,7,3,1,2,7,8,24,12,15,20,20
257,78,0,0,0,3,3,3,5,10,6,13,7,13,8,3,4
258,116,0,0,0,3,3,5,7,5,4,6,8,12,15,20,28
259,1095,14,16,32,50,63,60,48,44,77,75,116,112,94,145,149
260,105,0,0,0,0,1,3,1,1,3,4,15,15,13,23,26
261,201,1,4,8,7,2,6,3,7,7,24,14,31,26,22,39
262,137,1,1,1,1,1,4,7,4,7,16,14,17,23,15,25
263,94,0,0,2,3,2,3,6,7,8,14,8,10,5,7,19
264,1891,34,63,106,72,112,72,103,138,138,214,179,166,153,159,182
265,572,8,2,16,39,50,44,52,61,41,47,31,49,37,47,48
266,82,1,0,0,2,4,2,5,10,5,6,9,6,8,8,16
267,107,2,7,2,5,2,4,4,6,16,10,8,7,5,12,17
268,157,1,1,3,7,5,8,8,5,11,4,19,17,22,21,25
269,191,22,22,22,7,10,7,7,7,8,14,18,14,7,12,14
270,162,3,7,7,5,13,2,5,5,11,14,19,13,12,17,29
271,173,0,0,8,2,4,7,2,6,16,21,21,20,13,15,38
272,203,5,8,6,7,8,7,9,10,14,31,16,17,18,13,34
273,112,2,8,6,5,2,6,4,5,12,7,11,8,7,7,22
274,56,2,1,2,5,2,3,6,8,5,3,7,4,3,1,4
275,172,0,0,5,9,13,13,12,9,17,18,9,16,17,22,12
276,107,0,0,2,7,3,3,3,6,4,11,12,9,16,8,23
277,56,0,0,0,3,2,0,1,2,2,1,1,3,9,9,23
278,345,2,4,5,6,14,10,22,19,19,33,31,40,35,45,60
279,81,4,6,1,3,6,2,6,1,9,5,10,5,9,6,8
280,748,14,12,13,15,20,30,28,23,61,75,72,72,77,102,134
281,647,18,12,10,10,14,27,34,66,56,54,48,58,51,84,105
282,305,2,1,8,15,12,21,18,20,26,27,25,31,25,29,45
283,96,0,0,1,3,1,9,1,1,6,11,11,10,13,11,18
284,127,0,0,1,0,2,1,0,2,5,5,10,17,19,29,36
285,533,13,15,19,30,29,43,35,23,58,39,50,52,46,35,46
286,82,0,0,1,1,0,1,3,0,5,2,9,12,17,15,16
287,86,0,1,0,0,2,5,6,7,6,6,12,8,9,12,12
288,84,0,0,0,2,5,2,4,5,7,8,9,6,17,10,9
289,149,2,1,1,1,2,3,3,0,3,3,11,23,26,36,34
290,273,0,2,3,5,5,6,6,10,21,20,26,31,33,45,60
291,147,1,1,2,2,3,8,10,5,7,6,13,12,20,26,31
292,156,0,1,2,3,8,4,7,9,9,13,17,13,22,31,17
293,168,0,0,1,2,8,14,10,10,8,12,19,14,11,25,34
294,75,0,0,0,1,2,2,1,0,4,2,9,9,14,19,12
295,161,0,0,1,1,0,2,6,17,18,28,11,8,20,27,22
296,222,3,2,5,9,7,9,15,6,11,14,25,21,29,27,39
297,2587,42,83,59,145,165,176,176,195,196,215,224,251,236,232,192
298,350,4,0,10,14,12,14,11,12,20,29,31,27,33,46,87
299,111,5,3,6,6,1,3,3,8,8,9,10,9,15,10,15
300,363,8,12,9,5,9,8,9,20,25,27,43,37,43,54,54
301,106,7,6,1,5,4,3,5,6,3,9,6,10,11,8,22
302,119,0,0,1,0,2,2,3,6,5,13,17,19,17,15,19
303,620,13,23,16,18,17,13,26,59,35,57,52,45,59,80,107
304,50,1,1,3,1,6,5,0,2,4,3,6,4,1,3,10
305,45,1,0,2,2,1,1,1,1,1,5,7,11,1,5,6
306,246,1,0,7,8,11,16,17,13,11,25,29,27,25,25,31
307,77,5,6,6,0,4,4,5,3,2,4,6,5,6,8,13
308,87,0,1,1,6,1,7,3,1,6,5,5,11,15,14,11
309,39,1,3,1,9,2,0,3,2,4,0,0,1,3,5,5
310,109,0,1,2,1,3,5,2,5,7,6,13,14,13,15,22
311,1637,7,6,32,50,51,91,85,98,165,271,217,177,123,136,128
312,319,3,0,1,1,4,4,7,9,14,18,27,32,58,62,79
313,261,12,9,14,19,16,22,14,19,22,25,16,17,20,13,23
314,92,4,5,6,2,4,2,5,9,5,6,9,7,7,9,12
315,269,42,55,23,17,27,5,10,13,17,12,9,11,11,7,10
316,139,1,4,3,2,3,2,9,6,11,13,13,7,11,18,36
317,108,7,5,9,1,4,3,6,6,8,10,8,8,8,12,13
318,100,1,1,1,7,6,5,7,6,6,6,6,12,9,6,21
319,117,0,0,4,5,3,3,2,4,3,11,10,17,16,18,21
320,570,11,11,7,10,16,17,16,25,45,56,42,59,66,73,116
321,67,0,0,0,2,1,0,1,0,3,7,1,11,16,18,7
322,30,0,0,3,2,1,5,4,1,2,3,4,3,1,0,1
323,148,9,7,5,8,12,6,7,9,8,4,15,11,25,9,13
324,60,1,0,2,1,0,1,1,2,4,3,7,9,6,11,12
325,67,2,5,2,2,7,3,3,6,4,4,6,5,8,9,1
326,160,0,0,1,3,6,6,9,5,7,9,19,19,30,19,27
327,152,0,0,1,3,0,5,4,10,21,13,16,19,18,20,22
328,31,0,1,0,1,0,4,1,4,2,2,4,1,2,2,7
329,97,0,0,1,2,1,2,3,4,5,10,10,4,14,26,15
330,49,0,2,5,1,3,1,1,0,3,3,5,8,5,6,6
331,107,2,4,3,12,3,7,6,4,4,7,10,12,10,9,14
332,113,0,0,2,6,2,6,4,2,5,9,16,13,15,18,15
333,130,3,5,5,9,8,8,6,12,5,10,12,12,11,14,10
334,155,0,4,7,2,11,4,2,7,9,13,8,8,17,17,46
335,246,4,4,9,8,8,9,5,5,11,14,17,23,34,45,50
336,118,6,3,9,5,7,4,3,6,6,11,10,10,10,14,14
337,146,2,11,5,6,2,2,7,8,7,18,23,11,16,14,14
338,65,3,4,0,1,2,4,1,0,5,4,12,2,9,8,10
339,115,1,0,1,6,7,7,11,10,10,13,8,4,13,13,11
340,765,63,89,37,63,61,28,35,50,42,41,44,55,40,48,69
341,72,1,3,1,4,3,1,3,4,5,8,7,7,6,8,11
342,86,7,2,1,3,4,6,3,5,3,4,7,2,10,9,20
343,81,0,0,1,2,3,4,1,2,2,3,13,5,14,11,20
344,111,0,0,1,7,5,4,1,0,7,11,11,10,15,20,19
345,141,6,3,2,1,3,1,6,8,10,16,15,13,18,19,20
346,60,0,0,1,2,1,7,2,0,5,3,3,5,7,11,13
347,127,0,0,2,3,7,4,4,3,9,6,7,21,18,20,23
348,104,0,2,1,2,2,5,8,5,7,15,7,10,13,13,14
349,266,0,0,1,2,3,5,4,6,4,49,51,32,30,29,50
350,94,13,35,16,7,9,2,1,3,1,1,1,1,1,0,3
351,104,5,5,4,3,5,11,8,4,7,6,8,7,10,14,7
352,198,11,13,10,11,12,8,10,12,12,18,19,13,12,14,23
353,818,28,48,33,42,30,41,48,48,65,78,87,58,47,82,83
354,131,2,4,3,7,5,3,9,12,11,18,15,8,11,9,14
355,210,1,4,3,5,3,4,6,8,12,11,20,35,29,33,36
356,160,0,1,4,4,6,6,8,3,9,10,7,19,18,24,41
357,140,0,1,3,10,18,13,11,6,9,12,14,10,11,17,5
358,1336,2,0,10,121,135,102,100,133,108,98,95,100,104,110,118
359,100,0,0,1,5,4,6,10,3,6,7,10,3,9,14,22
360,162,7,6,8,2,1,3,5,7,5,14,11,12,24,24,33
361,38,1,0,0,1,2,3,1,1,2,2,6,3,3,7,6
362,145,5,6,9,4,7,14,10,7,7,13,8,3,16,19,17
363,114,5,3,7,1,7,4,8,6,8,7,8,15,9,13,13
364,392,34,45,28,41,33,6,15,33,23,20,17,18,20,23,36
365,42,1,4,2,2,2,2,6,2,0,3,5,4,2,2,5
366,182,0,1,4,8,2,7,6,8,12,15,21,18,25,21,34
367,20,0,1,0,3,0,2,3,0,3,0,1,1,0,4,2
368,33,0,3,0,4,2,2,0,2,3,1,0,4,3,2,7
369,170,0,0,3,1,3,3,6,2,8,11,26,27,23,25,32
370,241,10,11,4,6,7,16,9,7,13,16,30,35,22,26,29
371,344,11,14,13,38,25,26,16,22,25,23,23,25,37,22,24
372,220,0,1,10,2,9,8,8,7,8,10,25,26,28,34,44
373,79,0,0,0,0,1,1,1,2,5,5,17,7,9,15,16
374,128,9,10,6,8,14,10,6,10,5,6,5,5,12,12,10
375,94,1,1,4,11,4,12,7,5,3,7,8,9,7,8,7
376,84,0,2,2,0,3,2,2,0,0,1,8,12,16,18,18
377,267,2,3,8,6,8,4,13,17,18,24,26,27,34,30,47
378,94,0,0,0,2,4,5,3,6,6,8,10,12,11,12,15
379,56,0,0,0,1,0,0,0,1,4,10,8,10,7,7,8
380,33,0,3,1,1,2,1,1,3,5,3,1,2,3,2,5
381,62,0,0,1,3,2,1,4,3,3,4,9,6,4,9,13
382,139,0,3,2,4,3,7,4,7,4,7,13,20,26,18,21
383,147,0,0,0,1,2,1,3,2,2,6,13,17,34,38,28
384,413,7,14,10,25,28,30,16,35,38,34,31,32,47,42,24
385,1772,18,20,69,69,76,84,94,111,138,239,222,163,152,119,198
386,175,0,3,3,4,4,4,5,8,8,11,10,27,21,30,37
387,114,0,0,4,7,2,3,3,9,5,9,10,11,11,15,25
388,2918,64,47,56,95,78,176,127,150,256,322,328,282,317,317,303
389,137,3,1,2,5,8,5,4,9,4,12,24,14,13,11,22
390,200,7,4,8,5,7,10,9,15,10,21,18,10,23,22,31
391,334,3,2,6,9,13,11,11,22,26,29,40,37,37,44,44
392,775,7,44,36,56,50,37,55,49,62,80,52,39,51,55,102
393,104,1,1,3,2,0,2,5,1,3,13,13,15,10,16,19
394,62,2,1,3,2,1,0,3,3,7,5,7,8,3,8,9
395,520,0,0,5,8,11,18,28,34,35,67,66,50,53,65,80
396,422,3,18,26,20,28,41,33,21,49,55,28,15,28,27,30
397,84,1,4,4,1,1,2,1,5,5,12,10,6,4,17,11
398,57,0,1,3,2,4,3,3,1,2,4,5,6,4,8,11
399,368,13,13,13,15,26,19,22,35,30,27,35,25,28,35,32
400,88,0,1,1,4,2,10,6,6,10,5,5,7,10,9,12
401,607,5,10,9,33,37,31,30,44,45,54,46,67,60,78,58
402,265,2,3,1,2,3,7,8,9,18,35,43,27,42,29,36
403,44,0,2,2,0,3,0,1,0,0,4,8,6,5,6,7
404,95,0,0,1,5,7,5,11,2,3,2,8,10,8,16,17
405,1009,7,10,12,15,23,27,31,33,54,105,144,109,125,157,157
406,494,0,0,1,2,2,6,7,7,26,54,63,48,91,80,107
407,664,14,21,15,70,77,59,57,67,64,52,38,31,36,38,25
408,84,3,2,0,3,3,4,3,8,7,6,6,10,9,11,9
409,77,0,0,2,2,3,1,3,4,3,12,11,9,8,4,15
410,330,1,1,1,4,6,5,7,1,4,108,99,39,17,13,24
411,197,0,0,0,2,0,0,1,2,5,3,11,19,32,52,70
412,637,13,12,29,51,100,49,59,58,33,47,41,39,32,43,31
413,128,3,2,3,1,5,4,6,4,5,19,19,19,11,9,18
414,158,3,1,3,9,10,8,7,10,9,9,14,16,16,14,29
415,141,8,3,5,3,5,4,3,4,11,14,20,9,19,19,14
416,130,2,2,6,2,4,4,7,10,9,13,11,15,15,11,19
417,51,1,3,1,2,1,3,2,0,2,6,5,8,2,8,7
418,54,0,1,0,1,0,0,1,1,3,2,6,12,11,7,9
419,64,2,2,2,5,3,5,2,0,3,14,5,3,8,5,5
420,266,19,11,15,27,18,17,30,15,14,10,13,18,25,15,19
421,55,0,0,0,0,1,4,3,1,1,1,8,7,6,16,7
422,30,0,0,0,1,1,4,2,0,0,4,1,5,3,2,7
423,308,2,1,4,2,5,9,10,11,21,28,28,40,35,49,63
424,1289,18,20,26,31,34,42,48,59,65,97,125,105,147,183,289
425,442,24,29,25,18,18,24,26,43,43,55,30,20,20,29,38
426,510,21,26,20,15,16,17,20,20,26,36,64,46,43,67,73
427,101,1,2,4,3,6,9,6,2,2,5,8,7,10,16,20
428,70,0,0,1,4,3,4,9,7,5,5,3,6,6,4,13
429,103,4,10,5,4,10,5,5,5,10,4,8,11,8,5,9
430,75,0,0,1,0,3,4,5,0,1,6,11,8,11,10,15
431,165,1,3,3,5,7,5,4,6,9,17,15,14,22,26,28
432,124,0,2,2,2,5,5,10,3,9,7,19,20,20,12,8
433,140,0,1,0,4,2,6,5,3,14,11,7,16,20,26,25
434,175,0,0,2,6,7,7,10,8,8,15,24,13,24,20,31
435,123,0,1,1,12,6,14,11,11,12,7,8,8,8,12,12
436,256,1,0,5,7,7,25,21,14,19,14,32,19,26,33,33
437,119,0,0,0,7,0,3,4,1,10,12,17,13,19,8,25
438,139,0,0,2,1,4,1,7,6,9,15,15,13,16,14,36
439,32,0,0,1,2,3,3,1,0,1,1,6,0,7,4,3
440,162,12,3,2,7,10,5,8,4,8,7,15,14,18,24,25
441,101,0,0,3,6,5,4,6,7,3,8,11,12,7,11,18
442,90,4,6,3,6,4,2,5,2,8,2,9,3,9,13,14
443,91,8,8,2,5,5,0,2,3,3,4,6,3,9,11,22
444,231,7,8,3,4,10,2,11,20,11,22,19,19,24,21,50
445,815,14,5,16,30,48,41,48,55,50,76,78,76,98,89,91
446,155,4,5,6,5,7,17,5,10,10,20,11,11,13,16,15
447,388,4,12,6,8,12,16,17,20,22,37,34,47,49,37,67
448,462,3,1,7,16,14,24,20,31,31,57,50,39,32,54,83
449,136,5,4,2,6,14,10,6,11,6,9,17,10,14,13,9
450,1261,9,16,20,60,66,77,60,66,98,139,144,113,141,128,124
451,130,7,8,5,6,4,6,3,5,3,10,8,7,12,16,30
452,26,2,0,0,0,1,0,0,0,2,0,3,3,8,5,2
453,194,1,1,4,3,8,6,4,9,16,18,25,25,28,22,24
454,187,1,0,2,12,17,2,9,18,12,15,21,15,16,25,22
455,72,0,0,2,4,3,1,4,4,2,4,3,8,12,10,15
456,393,28,18,18,20,38,27,42,34,27,27,22,19,26,29,18
457,283,2,2,5,6,10,9,13,6,20,36,40,31,44,22,37
458,1550,23,26,36,32,36,47,56,97,116,164,161,174,178,160,244
459,569,0,0,4,10,13,27,29,44,36,66,58,56,54,62,110
460,397,26,37,21,22,23,15,16,24,22,37,32,12,23,35,52
461,78,1,0,2,2,1,3,4,5,2,4,9,7,7,13,18
462,137,0,0,0,2,2,2,5,6,13,16,18,21,15,13,24
463,181,11,8,10,15,15,7,13,9,8,11,9,16,15,15,19
464,203,1,0,2,2,7,10,7,5,12,15,13,26,27,37,39
465,55,0,0,2,1,5,1,1,0,3,1,7,7,10,9,8
466,98,0,0,3,5,1,6,1,1,4,8,11,12,15,10,21
467,153,0,0,4,1,12,3,5,5,9,20,13,13,20,19,29
468,71,1,0,1,2,1,3,2,3,2,6,4,8,7,18,13
469,1187,3,5,16,13,22,22,34,36,51,169,172,143,158,172,171
470,99,0,1,0,2,2,5,8,9,8,5,11,16,7,10,15
471,108,1,3,3,2,5,4,4,4,4,9,8,8,20,14,19
472,230,3,6,3,8,6,5,8,9,16,12,24,18,18,34,60
473,86,0,0,1,4,3,2,1,2,4,6,8,7,11,14,23
474,90,0,0,1,0,1,0,2,0,5,8,10,16,9,20,18
475,137,0,0,4,3,6,16,5,10,6,17,11,15,15,14,15
476,23,1,2,1,3,2,2,1,0,2,1,0,0,4,3,1
477,1021,99,128,88,55,72,54,50,45,53,59,65,46,59,72,76
478,144,0,0,6,3,7,6,5,7,10,12,16,9,18,17,28
479,453,11,9,8,9,12,19,21,17,22,40,45,43,42,55,100
480,661,7,11,8,18,20,37,31,33,50,65,66,54,66,74,121
481,55,1,1,3,1,1,2,2,2,4,5,7,5,2,11,8
482,106,4,11,1,5,11,7,8,4,6,11,8,6,11,5,8
483,168,1,1,4,6,8,9,6,4,6,9,11,17,19,23,44
484,520,7,17,7,42,61,32,44,72,54,41,24,28,34,34,23
485,76,0,0,2,9,2,2,3,3,4,8,10,6,6,9,12
486,101,0,0,0,1,3,1,1,3,7,5,14,16,18,14,18
487,70,2,4,2,6,4,6,2,2,9,1,6,7,5,6,8
488,621,19,36,19,30,35,32,35,36,48,53,71,46,36,67,58
489,128,0,0,2,0,4,2,5,3,18,22,18,26,12,9,7
490,77,2,0,3,0,2,4,4,3,4,4,8,9,10,10,14
491,162,1,1,5,6,8,9,10,9,17,19,12,10,21,13,21
492,83,8,4,3,2,2,2,5,5,4,4,7,6,8,9,14
493,133,10,6,6,1,8,5,2,6,5,5,12,10,16,16,25
494,62,1,0,1,2,0,2,4,5,3,7,8,7,7,7,8
495,140,0,0,1,1,0,1,0,2,1,5,9,17,25,33,45
496,129,5,9,4,7,7,5,6,4,6,9,12,14,13,10,18
497,107,3,4,3,7,7,3,5,3,5,10,9,10,16,11,11
498,100,4,2,2,1,6,1,7,5,4,9,9,11,13,7,19
499,61,1,2,1,2,2,1,2,0,2,2,6,3,9,17,11
500,219,0,0,2,5,2,9,8,8,13,28,36,34,22,28,24
501,103,1,0,1,4,3,0,0,4,5,0,9,4,15,28,29
502,2658,22,41,44,47,72,107,143,195,245,413,350,254,220,222,283
503,93,3,1,1,2,6,3,7,3,3,2,12,10,11,14,15
504,74,0,0,0,3,1,4,3,1,2,8,11,5,9,14,13
505,116,1,0,3,6,2,3,10,8,10,12,9,10,11,11,20
506,386,5,3,8,9,13,12,18,43,41,37,34,32,31,51,49
507,112,2,1,3,3,8,7,2,5,9,13,13,7,10,16,13
508,53,0,0,0,0,3,5,1,4,9,5,4,1,4,8,9
509,526,13,15,28,22,22,38,27,37,46,51,33,38,43,49,64
510,1303,155,114,70,34,111,83,47,95,73,81,90,118,103,64,65
511,86,0,0,1,6,7,5,4,5,3,7,15,10,6,6,11
512,211,0,0,7,7,11,7,11,10,19,18,21,23,25,24,28
513,317,2,10,2,4,12,14,12,5,22,27,26,28,41,47,65
514,132,4,3,4,4,4,6,5,9,11,9,11,12,15,18,17
515,59,0,0,2,1,0,6,2,0,3,2,4,9,5,9,16
516,58,0,0,1,1,0,1,4,0,5,5,10,7,6,7,11
517,103,0,1,1,5,4,4,8,6,4,5,10,6,7,20,22
518,933,23,36,27,48,51,49,45,62,62,64,90,104,101,81,90
519,39,0,1,0,0,0,0,0,3,2,2,6,8,5,3,9
520,371,15,15,11,11,17,14,22,25,19,19,39,35,37,42,50
521,42,1,2,1,0,1,0,2,0,4,2,3,5,4,6,11
522,819,32,79,63,18,31,19,16,37,43,70,74,54,63,111,109
523,153,23,33,8,5,5,3,4,1,6,5,11,17,10,7,15
524,43,0,0,0,0,3,1,0,3,1,6,5,3,6,5,10
525,54,0,2,0,0,1,2,1,0,3,5,9,5,8,9,9
526,49,0,0,0,0,2,0,2,0,0,3,2,3,9,13,15
527,107,4,6,4,6,7,3,3,6,5,11,9,8,8,12,15
528,222,0,0,6,8,15,8,22,14,22,20,16,21,23,23,24
529,330,14,19,9,10,8,11,16,17,15,29,47,35,26,24,50
530,135,0,0,1,3,2,5,4,3,1,4,13,23,27,23,26
531,566,20,22,22,22,26,26,27,31,44,61,52,48,47,48,70
532,119,1,0,4,2,7,3,8,10,10,12,12,14,6,6,24
533,170,7,10,6,5,7,7,10,11,11,7,20,11,23,15,20
534,264,17,16,19,10,14,10,11,26,20,21,19,24,9,12,36
535,113,7,10,4,2,16,5,3,5,8,4,12,9,14,8,6
536,75,0,0,2,3,3,2,1,4,2,9,6,9,11,6,17
537,77,2,0,3,1,2,4,3,1,5,6,8,9,10,8,15
538,544,1,0,6,6,16,16,16,16,29,65,58,37,67,74,137
539,65,0,2,1,0,4,4,1,4,7,6,0,6,9,6,15
540,148,0,0,3,2,2,2,5,6,11,14,14,8,28,11,42
541,111,0,1,3,0,2,2,2,4,5,11,11,19,17,20,14
542,50,0,2,6,3,4,2,0,2,2,6,4,3,6,2,8
543,1890,75,86,80,188,250,181,193,190,156,97,60,42,46,124,122
544,83,6,8,4,5,1,1,3,3,1,8,11,10,6,7,9
545,28,2,2,0,3,2,3,1,1,2,2,2,0,2,2,4
546,532,0,0,2,0,7,7,7,4,33,52,74,87,76,102,81
547,91,4,8,5,4,7,3,5,6,7,4,8,7,3,5,15
548,33,0,0,0,1,1,2,2,0,2,0,3,7,6,2,7
549,98,0,0,4,2,1,4,7,11,7,9,7,13,15,6,12
550,46,3,0,1,2,3,6,7,2,4,4,0,2,6,2,4
551,797,6,9,21,19,22,26,41,51,57,72,87,66,99,96,125
552,10983,907,1269,762,649,967,579,531,826,595,570,583,635,564,766,780
553,619,11,18,17,39,47,40,27,45,67,54,47,52,64,48,43
554,171,2,1,1,4,2,7,10,12,8,22,11,13,21,20,37
555,73,0,0,0,0,1,2,3,4,7,7,7,6,16,11,9
556,178,10,21,13,7,8,6,11,7,5,13,18,9,16,13,21
557,144,1,2,3,3,3,6,2,3,16,13,16,8,23,22,23
558,2625,40,65,67,64,65,75,89,128,200,258,309,275,289,336,365
559,94,0,2,5,2,2,4,4,3,2,10,20,11,7,14,8
560,229,8,15,12,20,26,10,7,5,5,4,23,16,18,26,34
561,153,6,7,12,5,3,2,4,9,15,10,10,11,16,16,27
562,352,7,9,9,5,8,8,11,21,35,44,35,32,40,38,50
563,235,0,0,1,5,8,8,15,13,17,19,20,29,36,27,37
564,527,3,8,9,22,28,25,24,32,38,29,42,64,69,59,75
565,43,2,1,2,1,2,2,3,1,6,2,2,6,4,5,4
566,83,2,1,5,2,4,4,2,3,6,6,7,5,6,12,18
567,73,0,0,4,4,3,1,5,2,3,7,6,4,10,11,13
568,82,0,0,2,4,3,1,4,3,11,8,5,7,6,12,16
569,1051,18,18,27,24,39,34,34,54,83,94,94,104,128,120,180
570,115,0,2,3,0,5,4,2,2,4,11,7,19,13,15,28
571,52,0,1,0,1,3,0,2,1,2,3,4,5,6,12,12
572,3542,138,195,186,166,151,143,188,227,269,299,317,294,285,291,393
573,193,8,10,8,1,9,5,5,8,12,10,16,22,11,28,40
574,442,14,12,16,37,37,22,21,43,35,40,43,42,37,23,20
575,461,10,14,28,13,26,17,28,33,26,31,39,27,44,54,71
576,162,3,7,4,5,2,4,6,12,14,12,9,20,21,18,25
577,116,0,0,1,2,6,9,2,4,8,18,17,11,11,11,16
578,221,27,22,14,13,9,7,9,12,9,18,13,16,18,18,16
579,119,1,0,0,2,3,3,3,4,5,6,11,13,19,21,28
580,336,3,11,6,13,5,7,13,10,23,35,36,21,35,39,79
581,200,6,11,9,10,10,14,8,6,18,21,17,20,18,18,14
582,75,0,0,2,3,1,1,2,2,1,3,7,10,8,13,22
583,97,1,1,1,4,4,7,4,3,6,10,11,7,7,18,13
584,1282,171,253,143,73,77,20,23,71,64,69,61,23,42,85,107
585,210,3,2,2,6,2,3,9,10,8,17,20,24,29,42,33
586,153,0,1,4,4,9,7,6,7,11,17,18,16,17,15,21
587,201,4,6,4,16,23,21,13,11,20,9,10,9,13,22,20
588,913,18,16,24,26,28,13,22,42,49,84,98,73,110,130,180
589,71,2,0,1,0,2,0,1,4,1,5,13,6,6,7,23
590,69,7,6,4,1,2,3,1,3,3,4,4,6,8,9,8
591,227,0,0,0,0,0,2,0,1,4,10,14,32,50,36,78
592,50,0,1,2,2,0,1,2,2,0,5,4,7,12,7,5
593,358,0,2,7,8,8,8,4,14,15,25,49,43,57,50,68
594,1022,38,32,11,72,104,54,66,82,63,72,58,82,83,107,98
595,780,38,18,44,63,52,35,50,32,53,72,73,75,55,48,72
596,642,0,0,5,11,14,28,18,59,61,72,78,63,60,74,99
597,1211,71,96,63,102,125,83,155,126,61,55,37,36,44,63,94
598,140,0,0,1,2,5,1,4,3,12,10,9,14,22,33,24
599,681,17,32,16,17,12,11,8,24,35,59,64,70,75,108,133
600,353,0,2,9,10,21,23,12,11,38,34,29,21,46,39,58
601,68,4,4,5,2,5,4,1,2,3,6,4,5,4,5,14
602,151,2,2,7,6,2,2,4,6,3,9,25,15,26,15,27
603,138,7,4,5,7,7,7,3,6,5,12,18,13,10,16,18
604,56,5,12,1,3,5,4,3,2,1,4,3,2,5,4,2
605,326,15,40,21,20,12,10,18,19,19,28,19,27,23,25,30
606,37,0,0,1,0,1,1,1,1,2,2,1,4,6,10,7
607,83,0,0,1,7,9,7,1,2,6,7,8,4,7,11,13
608,428,1,1,7,7,9,18,14,14,32,41,56,48,37,46,97
609,114,2,1,1,2,3,4,7,10,11,12,9,11,8,13,20
610,447,2,14,5,14,26,29,28,37,38,32,30,45,53,42,52
611,44,1,0,0,1,2,1,1,1,1,4,8,7,2,8,7
612,3849,18,21,49,50,65,87,114,133,232,454,497,462,445,491,731
613,318,8,14,12,13,15,23,17,18,17,30,28,27,12,35,49
614,358,7,4,5,10,8,9,14,19,24,34,45,34,50,44,51
615,197,2,1,10,6,7,5,6,10,11,16,22,18,22,20,41
616,68,3,1,1,2,5,4,2,4,6,4,5,3,7,8,13
617,58,0,0,1,1,4,3,7,6,2,3,5,6,6,3,11
618,212,0,0,4,4,4,3,5,6,12,15,26,26,32,27,48
619,73,2,0,1,2,4,2,2,2,5,5,2,11,6,10,19
620,93,1,1,3,2,3,4,6,4,6,4,10,1,8,14,26
621,1861,102,119,81,74,100,81,101,91,135,179,172,143,132,147,204
622,53,0,1,1,1,2,2,0,5,4,3,4,3,6,8,13
623,334,51,75,40,19,17,8,9,24,15,11,8,11,12,15,19
624,141,1,2,4,7,14,8,9,5,4,8,12,18,13,17,19
625,339,16,14,16,10,20,11,15,10,13,21,31,35,33,42,52
626,22,0,0,2,1,1,0,1,0,0,1,3,1,4,4,4
627,374,0,1,6,9,3,9,9,11,15,68,89,44,32,32,46
628,105,0,0,1,0,1,2,3,3,2,8,8,15,27,19,16
629,60,1,0,1,1,2,0,1,1,5,3,3,13,9,5,15
630,62,0,0,0,0,4,4,4,4,3,5,4,3,6,7,18
631,70,0,0,0,1,1,2,1,0,2,2,9,17,14,10,11
632,245,0,1,6,7,8,7,4,12,16,26,29,21,30,28,50
633,493,0,3,2,5,5,4,12,11,27,20,34,28,71,149,122
634,163,13,24,10,13,12,0,4,10,8,13,7,8,12,9,20
635,95,0,0,0,5,5,5,6,5,7,4,11,10,8,11,18
636,279,0,0,1,7,4,3,8,7,19,24,27,47,37,38,57
637,98,1,4,1,0,1,3,4,7,5,15,21,10,6,7,13
638,71,0,0,2,5,5,4,2,1,6,4,4,9,8,9,12
639,401,9,16,28,21,27,20,47,73,31,23,21,18,20,16,31
640,35,0,0,0,2,1,1,2,2,0,0,2,4,1,9,11
641,114,0,0,1,1,2,6,3,4,2,4,15,18,15,17,26
642,336,0,0,1,2,3,4,6,6,17,23,51,43,61,44,75
643,109,0,1,0,2,3,5,6,6,7,7,12,16,17,8,19
644,590,5,5,14,11,25,19,20,28,37,49,59,66,72,98,82
645,595,10,15,12,6,24,14,20,23,23,46,53,50,81,99,119
646,366,2,7,5,38,46,43,49,30,19,14,13,8,19,42,31
647,545,8,11,7,9,15,24,25,25,46,61,62,58,59,58,77
648,109,2,1,1,5,5,8,8,8,3,11,10,10,10,14,13
649,86,1,1,6,1,5,6,14,2,6,8,9,8,5,6,8
650,110,2,3,2,5,7,3,1,6,8,6,11,11,19,9,17
651,380,37,46,22,18,12,21,20,29,30,27,28,22,15,23,30
652,185,5,8,10,1,8,13,10,16,6,9,14,18,18,23,26
653,85,3,0,2,4,1,2,2,5,5,9,8,10,12,12,10
654,48,2,0,2,0,3,1,2,3,0,2,4,4,2,9,14
655,92,2,2,2,1,2,1,3,3,4,10,10,10,9,17,16
656,58,0,0,2,3,4,2,7,3,2,3,8,6,4,5,9
657,199,16,11,7,7,14,10,7,14,10,18,17,11,16,17,24
658,54,0,0,0,5,2,2,6,7,4,6,4,3,6,2,7
659,79,0,2,1,1,4,3,4,4,6,6,9,8,10,9,12
660,63,0,5,2,1,3,0,1,0,3,1,6,9,9,5,18
661,100,1,3,4,1,8,3,7,2,5,9,6,11,12,12,16
662,52,1,0,0,0,0,3,1,1,5,1,11,8,6,6,9
663,211,15,34,14,16,7,5,11,11,9,16,18,15,14,13,13
664,68,5,3,3,4,8,5,4,3,6,0,1,5,2,12,7
665,296,30,51,23,18,20,11,8,16,12,15,15,12,11,23,31
666,272,1,1,2,5,0,5,6,4,12,19,25,44,32,56,60
667,162,1,1,3,6,3,6,3,8,12,13,14,16,24,25,27
668,65,5,8,3,1,1,2,3,6,3,4,8,3,3,9,6
669,58,0,2,1,2,5,5,1,2,2,3,3,8,9,4,11
670,150,8,5,9,3,7,5,4,13,7,9,12,19,12,18,19
671,384,12,7,14,10,13,18,9,15,23,48,42,38,32,37,66
672,105,1,1,2,3,5,3,1,4,5,7,7,10,11,24,21
673,50,1,0,0,3,3,5,2,2,2,1,5,3,7,9,7
674,146,3,3,4,5,3,6,6,8,13,14,15,18,15,14,19
675,353,8,9,9,13,9,15,12,31,31,34,32,34,32,38,46
676,51,0,0,3,0,0,2,0,0,2,2,7,7,5,10,13
677,724,27,35,15,44,52,39,39,46,60,56,60,56,57,53,85
678,63,4,1,1,1,10,2,4,1,6,3,7,5,4,8,6
679,135,2,7,5,3,5,4,3,2,8,11,11,17,18,17,22
680,119,7,2,1,2,6,3,6,6,5,4,8,14,16,18,21
681,188,0,0,0,8,4,6,5,7,7,15,17,25,18,31,45
682,581,6,11,10,40,53,39,45,52,42,48,45,58,51,41,40
683,958,41,62,17,13,21,23,28,51,66,101,85,113,113,112,112
684,116,8,15,8,4,12,11,10,1,4,11,6,7,4,7,8
685,64,0,1,1,1,1,1,0,0,1,2,8,10,9,13,16
686,69,0,0,0,2,8,2,3,6,5,13,10,5,1,11,3
687,565,0,1,8,12,18,20,14,14,38,37,47,43,74,92,147
688,80,0,0,2,3,1,2,1,0,1,3,13,6,14,19,15
689,306,1,0,6,6,22,18,19,14,26,33,25,21,31,35,49
690,637,18,27,30,10,10,8,11,17,32,41,35,38,65,78,217
691,152,2,5,3,5,4,7,3,6,6,11,7,6,23,31,33
692,127,5,3,3,5,11,6,7,4,9,9,8,14,15,13,15
693,129,0,0,1,4,6,4,2,3,2,13,10,16,18,27,23
694,44,1,3,2,2,1,2,2,4,2,5,6,2,3,3,6
695,690,18,31,19,51,79,49,42,64,40,51,45,50,56,49,46
696,394,14,27,17,10,24,13,12,24,18,27,23,29,31,53,72
697,258,2,12,7,8,12,8,8,20,15,17,23,26,26,34,40
698,251,3,2,6,9,5,11,8,8,15,15,22,27,28,41,51
699,59,1,2,0,1,9,4,1,1,5,4,3,7,4,6,11
700,244,0,0,5,3,6,13,6,9,20,20,35,27,30,30,40
701,51,0,0,1,1,1,2,2,1,7,1,5,5,11,7,7
702,178,2,0,4,11,11,14,14,13,9,20,23,9,12,16,20
703,83,3,6,4,4,1,4,5,0,6,9,7,5,7,8,14
704,169,1,4,1,5,25,4,1,5,4,6,15,28,15,24,31
705,123,6,3,3,5,1,4,5,6,8,11,10,11,12,17,21
706,117,1,2,1,3,9,4,5,2,7,6,12,10,19,17,19
707,111,1,1,3,5,4,3,9,4,8,2,7,10,15,17,22
708,108,3,5,4,12,17,6,7,7,8,2,5,10,6,7,9
709,82,0,0,1,1,3,4,3,5,4,7,7,5,11,8,23
710,73,0,0,0,1,0,3,2,1,4,7,2,5,5,17,26
711,1920,33,44,35,100,157,163,99,165,175,173,141,189,159,143,144
712,194,23,48,24,10,6,0,2,20,5,5,7,9,9,6,20
713,208,2,2,2,6,9,15,11,8,23,13,14,21,27,28,27
714,1658,188,263,166,91,116,36,49,78,79,85,100,67,85,118,137
715,243,9,9,14,16,14,15,17,9,16,24,20,11,25,24,20
716,423,5,9,9,16,31,33,31,34,37,33,39,31,27,41,47
717,83,0,1,2,0,1,3,4,3,7,11,8,11,8,7,17
718,187,0,0,0,0,0,0,0,2,3,20,24,12,39,42,45
719,58,1,1,2,1,1,1,2,4,4,4,9,4,5,6,13
720,221,0,2,0,3,0,4,3,5,5,26,41,36,32,23,41
721,128,9,3,2,6,5,4,5,7,10,9,10,12,10,20,16
722,80,0,0,0,1,5,4,4,1,6,3,10,12,10,10,14
723,139,6,4,7,5,3,6,6,7,11,9,7,15,11,13,29
724,205,6,1,5,5,2,5,5,20,7,7,18,25,42,29,28
725,288,14,33,25,11,14,11,9,21,12,21,20,31,19,27,20
726,133,0,1,2,3,3,0,7,7,5,13,14,14,26,15,23
727,24,0,0,0,1,0,0,0,1,0,3,2,5,5,3,4
728,362,16,18,23,14,20,18,23,27,34,40,29,19,22,18,41
729,94,0,0,2,9,11,9,9,6,8,2,4,8,2,10,14
730,104,1,1,3,4,4,2,3,2,11,4,12,9,17,14,17
731,98,0,0,4,8,5,4,4,2,5,15,11,6,6,15,13
732,76,0,0,0,4,4,5,4,2,5,4,4,6,6,10,22
733,95,0,2,1,1,3,8,3,8,6,13,4,10,15,6,15
734,60,0,1,2,1,3,2,5,6,3,2,8,3,3,11,10
735,82,0,0,0,1,2,2,6,1,0,1,14,13,6,17,19
736,58,1,3,3,0,0,1,1,1,4,3,6,8,10,6,11
737,156,0,0,1,3,4,2,4,6,6,14,11,23,24,30,28
738,23,0,0,0,0,0,0,0,1,1,0,2,1,2,7,9
739,155,2,4,6,3,3,6,4,5,8,9,13,16,20,26,30
740,327,7,12,7,17,32,25,24,22,33,24,16,26,21,33,28
741,71,0,2,0,2,3,1,5,3,5,9,8,5,8,10,10
742,136,0,0,0,0,3,7,3,12,11,18,20,11,24,8,19
743,59,0,0,1,1,3,3,3,4,4,3,7,5,11,6,8
744,331,0,0,1,6,3,7,7,11,28,44,41,34,37,47,65
745,144,0,0,1,1,2,5,6,6,3,21,23,8,5,26,37
746,103,0,3,0,3,3,1,5,5,3,9,9,10,15,22,15
747,47,0,0,2,1,0,2,1,3,1,3,9,4,8,3,10
748,830,17,14,16,12,10,8,9,20,45,54,66,102,97,147,213
749,214,7,9,1,8,6,6,9,12,13,15,13,13,20,40,42
750,154,13,11,6,9,7,2,3,12,20,7,7,8,13,13,23
751,173,0,0,2,4,5,12,6,10,14,18,30,21,17,19,15
752,6,1,0,1,1,0,0,1,1,0,0,0,1,0,0,0
753,690,12,10,13,12,26,12,16,27,28,43,86,77,85,106,137
754,288,23,61,31,22,19,16,11,13,17,13,11,11,13,10,17
755,124,0,5,3,5,5,4,8,7,15,16,17,9,5,11,14
756,74,0,0,1,2,4,0,1,2,3,1,7,10,13,10,20
757,117,5,3,3,5,6,8,3,8,4,12,9,12,13,13,13
758,93,6,2,1,5,11,9,10,8,2,10,3,8,6,7,5
759,91,1,2,4,4,4,4,3,4,6,14,5,8,11,11,10
760,124,0,0,3,5,8,4,6,6,8,13,7,8,16,18,22
761,154,18,16,7,10,24,9,7,11,7,5,7,8,5,7,13
762,119,0,0,4,2,5,11,11,6,9,12,13,15,14,11,6
763,3932,133,106,115,197,281,298,310,404,299,243,187,196,207,444,512
764,1640,25,26,33,38,39,45,53,66,107,168,210,163,206,196,265
765,96,1,1,1,3,3,1,0,1,4,7,18,17,10,8,21
766,1573,20,9,17,29,47,51,59,53,123,126,150,152,174,222,341
767,72,1,0,4,1,2,3,5,2,3,2,12,5,9,13,10
768,155,0,0,1,5,10,7,8,8,7,8,14,24,18,18,27
769,538,46,62,34,33,24,11,11,29,26,29,55,38,47,45,48
770,399,12,19,12,5,4,1,6,4,9,55,77,70,51,41,33
771,203,9,10,13,12,9,8,9,12,10,15,20,13,25,16,22
772,190,0,0,6,5,11,9,11,14,5,7,7,21,26,23,45
773,194,0,0,5,3,4,7,12,10,7,18,21,24,27,22,34
774,33,0,0,0,2,1,0,2,1,0,3,8,6,2,4,4
775,55,0,0,0,1,0,0,4,4,0,3,6,5,9,8,15
776,87,1,3,2,2,3,5,4,8,6,9,13,6,7,5,13
777,113,2,2,2,4,4,4,4,8,6,5,20,15,15,10,12
778,47,0,0,1,1,0,2,1,1,3,1,8,5,7,5,12
779,206,9,4,5,9,14,15,10,6,14,6,11,14,19,28,42
780,65,2,6,2,4,11,4,1,4,2,5,5,6,1,2,10
781,361,22,26,16,8,18,10,6,14,20,18,18,27,39,41,78
782,50,1,2,6,2,0,1,0,1,3,5,8,4,3,9,5
783,17,0,0,1,1,0,1,1,0,3,3,2,1,0,1,3
784,40,0,2,1,0,1,5,0,3,1,4,3,3,7,4,6
785,53,0,0,2,1,2,3,3,4,5,6,6,4,5,7,5
786,124,0,0,1,2,1,0,4,7,11,16,10,10,20,15,27
787,63,1,0,1,1,2,2,5,2,1,8,8,9,9,6,8
788,383,1,0,7,12,18,23,22,12,18,25,49,44,44,50,58
789,52,0,0,1,1,2,2,1,1,3,4,7,5,6,8,11
790,88,4,4,4,5,2,4,2,7,5,9,10,6,10,5,11
791,169,0,1,3,5,3,5,5,8,9,5,12,20,25,24,44
792,140,6,12,5,9,7,13,5,6,7,8,12,13,12,8,17
793,78,1,0,0,3,2,7,3,2,6,10,10,7,10,5,12
794,46,3,0,2,1,0,1,2,1,5,2,4,7,7,7,4
795,102,0,0,0,3,1,3,0,0,2,3,20,18,16,16,20
796,55,1,0,3,1,4,0,2,1,2,1,5,11,6,10,8
797,437,23,37,14,22,26,16,10,18,26,30,43,49,22,44,57
798,190,13,19,18,11,6,6,6,14,8,9,19,15,13,13,20
799,106,3,1,2,3,1,3,6,6,8,6,8,21,6,15,17
800,81,0,0,4,0,3,4,6,7,7,10,8,2,8,8,14
801,169,11,12,13,8,8,9,9,8,9,15,10,18,14,9,16
802,29,1,2,0,1,0,2,2,0,3,0,4,0,6,3,5
803,373,10,17,14,15,10,11,14,16,27,39,32,26,33,43,66
804,221,4,1,7,5,5,7,9,7,10,21,25,14,26,33,47
805,102,1,0,2,0,4,7,1,7,11,6,7,13,7,18,18
806,72,0,0,1,2,3,3,3,0,2,2,6,7,10,13,20
807,60,0,1,2,3,7,4,2,2,5,4,4,5,7,4,10
808,693,1,3,13,16,19,51,33,44,65,80,64,67,77,64,96
809,1090,4,3,22,45,59,76,67,49,74,120,129,117,102,132,91
810,709,0,0,0,0,0,0,1,0,0,94,267,168,64,67,48
811,54,5,13,4,3,3,2,1,4,3,1,1,3,0,4,7
812,234,0,5,9,7,11,20,11,27,11,10,21,21,36,19,26
813,86,0,0,0,1,5,1,5,0,8,6,11,15,12,11,11
814,124,0,0,1,4,0,1,4,5,6,11,15,13,14,18,32
815,267,33,42,25,18,8,2,12,23,16,14,14,12,12,13,23
816,49,0,0,1,1,1,2,2,3,2,5,5,7,2,6,12
817,74,0,0,0,1,2,0,3,0,2,3,3,4,9,17,30
818,106,0,0,0,2,7,6,2,7,8,9,12,9,12,11,21
819,337,9,11,26,23,26,22,14,26,28,23,33,17,22,30,27
820,77,0,0,1,1,0,3,2,0,2,9,4,11,10,22,12
821,62,1,0,2,0,2,1,5,4,4,8,6,3,7,8,11
822,85,0,0,2,5,2,1,4,2,3,9,7,8,9,5,28
823,55,0,0,1,2,2,1,0,4,1,9,3,5,6,8,13
824,136,0,0,2,1,6,3,5,5,2,2,17,22,18,25,28
825,27,0,0,0,2,0,0,0,1,0,0,9,4,5,5,1
826,54,2,0,0,0,4,0,0,1,2,6,5,5,6,13,10
827,94,4,3,4,4,6,5,2,13,12,7,5,6,6,8,9
828,179,0,0,3,2,7,4,6,8,13,13,26,22,20,26,29
829,90,0,1,0,5,1,5,2,2,8,11,10,12,12,9,12
830,165,4,11,5,4,9,2,5,5,11,20,19,10,20,22,18
831,80,0,5,1,1,6,3,3,0,2,9,15,8,6,10,11
832,326,15,25,16,20,24,20,9,11,18,13,23,33,28,24,47
833,204,1,4,4,14,21,6,13,11,23,15,17,14,17,18,26
834,60,0,0,0,4,0,2,4,1,4,2,7,8,10,8,10
835,111,1,0,3,2,4,1,3,4,7,17,13,16,12,11,17
836,44,1,3,1,0,3,1,3,3,2,3,4,2,4,5,9
837,87,3,0,2,2,2,1,1,2,1,9,12,9,11,12,20
838,54,5,1,5,6,4,1,2,3,4,2,4,4,4,6,3
839,115,0,0,1,5,3,7,4,5,5,7,11,13,16,12,26
840,96,3,2,1,2,5,3,2,6,5,6,3,15,17,14,12
841,289,3,3,6,9,40,29,33,33,37,15,17,9,14,21,20
842,77,0,2,1,2,1,1,2,2,7,14,6,6,6,10,17
843,56,0,0,2,1,2,4,6,3,3,6,5,6,5,4,9
844,207,14,7,29,29,9,24,9,18,15,4,11,11,12,9,6
845,148,14,17,13,9,11,8,13,12,7,5,7,7,12,4,9
846,90,0,0,0,3,1,5,5,2,9,5,7,14,8,13,18
847,134,0,0,0,1,2,3,1,5,5,11,14,15,27,27,23
848,415,31,32,21,13,15,13,9,12,34,34,27,32,34,52,56
849,674,17,24,22,31,21,25,34,23,41,62,62,58,62,63,129
850,272,5,7,4,8,8,9,16,11,18,45,30,28,21,28,34
851,75,1,2,4,5,8,1,2,3,4,2,7,2,12,14,8
852,416,1,0,3,2,4,4,8,15,24,49,40,72,57,63,74
853,93,4,4,4,3,3,0,2,2,4,7,12,12,9,9,18
854,147,4,5,3,4,5,4,2,2,6,13,19,11,23,28,18
855,149,6,9,7,9,9,9,9,9,8,10,11,14,11,11,17
856,4,0,0,0,0,0,0,0,2,0,0,0,0,0,0,2
857,164,7,12,4,20,14,6,14,19,13,7,8,5,8,10,17
858,228,0,0,2,4,4,1,3,1,6,17,16,23,45,52,54
859,101,0,0,1,2,5,3,1,2,7,6,7,12,12,19,24
860,159,0,0,2,6,3,8,5,5,6,10,19,23,18,28,26
861,131,0,0,0,5,3,1,2,0,4,5,13,24,16,33,25
862,415,9,11,12,5,9,8,21,13,24,30,53,37,51,51,81
863,650,17,12,16,18,20,28,18,21,53,57,57,46,71,77,139
864,266,1,0,2,3,2,0,8,15,20,25,19,38,27,34,72
865,35,1,0,1,1,2,1,2,0,2,3,1,9,6,3,3
866,441,10,15,20,38,37,26,57,66,31,31,24,23,23,15,25
867,127,0,0,2,2,2,9,8,3,10,6,16,16,14,25,14
868,89,3,3,1,7,5,3,2,6,4,7,7,9,10,14,8
869,306,2,0,7,6,6,9,18,12,24,22,31,36,47,36,50
870,77,3,4,5,4,1,4,2,8,5,3,4,4,7,9,14
871,78,0,0,0,7,5,4,3,6,5,10,11,4,7,7,9
872,595,7,10,9,11,24,23,20,31,35,37,68,70,61,79,110
873,154,0,1,1,4,3,4,10,13,7,10,12,22,19,21,27
874,133,0,0,2,1,4,9,2,6,7,6,4,19,13,18,42
875,35,0,0,1,0,2,2,0,2,1,6,3,3,4,7,4
876,69,2,6,0,1,1,1,3,1,2,5,8,7,6,13,13
877,64,3,0,1,3,1,1,2,4,4,2,4,8,7,12,12
878,210,0,0,0,3,1,7,5,3,7,5,26,37,34,34,48
879,602,29,35,31,25,36,19,22,35,44,36,54,47,52,57,80
880,105,7,6,2,5,6,3,4,0,2,9,12,9,7,14,19
881,104,3,6,0,2,3,4,4,9,17,10,5,11,13,6,11
882,84,0,0,0,3,3,1,3,3,2,6,11,14,9,12,17
883,705,11,19,27,39,50,41,53,69,74,70,64,51,41,41,55
884,49,4,10,2,4,1,1,2,2,3,2,5,3,1,1,8
885,45,0,0,0,1,0,2,5,0,5,6,4,6,4,6,6
886,1496,1,0,7,19,22,43,36,46,56,187,217,178,182,195,307
887,167,2,6,17,8,7,15,8,12,7,14,13,12,9,17,20
888,75,0,0,3,2,1,3,1,6,11,10,7,4,8,11,8
889,198,2,1,1,2,4,9,4,9,17,13,14,23,29,16,54
890,293,11,17,18,14,9,11,12,6,12,32,29,25,30,31,36
891,300,13,13,11,8,4,10,11,21,20,13,26,22,33,39,56
892,136,0,0,1,5,3,3,9,9,16,20,18,9,9,17,17
893,67,5,2,3,6,2,2,3,1,4,6,4,6,6,5,12
894,182,2,1,5,4,2,3,9,10,7,16,11,23,29,25,35
895,211,6,7,6,3,6,2,4,8,9,16,20,16,20,35,53
896,46,0,0,0,1,0,2,2,1,9,7,4,4,3,6,7
897,200,2,1,2,3,3,5,11,6,11,17,22,24,20,29,44
898,85,3,6,2,5,5,2,3,2,5,5,6,7,6,13,15
899,164,0,0,6,3,2,7,5,7,7,3,11,6,19,37,51
900,181,0,0,3,2,5,5,8,7,14,11,17,32,22,26,29
901,72,4,5,5,5,3,6,2,2,6,13,5,5,3,3,5
902,41,1,1,2,2,5,2,1,1,1,4,2,3,5,3,8
903,343,13,15,23,46,38,24,18,26,17,14,14,16,18,27,34
904,254,5,4,7,12,36,18,25,21,14,14,19,23,29,17,10
905,65,1,3,1,4,1,0,2,0,4,6,8,8,4,8,15
906,62,0,0,0,2,2,3,0,0,0,6,4,8,17,7,13
907,57,4,3,2,0,2,1,2,4,1,4,4,8,6,6,10
908,78,3,4,2,4,3,4,3,3,6,8,12,2,6,6,12
909,96,2,3,5,4,4,2,3,7,9,9,9,4,10,9,16
910,144,0,0,3,8,4,7,7,5,11,8,8,16,13,22,32
911,103,0,0,0,2,3,1,3,3,4,13,9,13,12,17,23
912,68,0,0,3,2,1,3,4,0,4,11,8,11,3,5,13
913,205,0,0,3,0,3,2,4,5,5,16,26,27,37,23,54
914,446,9,13,14,10,16,11,11,17,30,32,37,48,50,46,102
915,116,0,2,3,3,5,2,5,15,4,7,17,10,10,9,24
916,103,2,4,3,5,2,5,6,4,5,15,14,7,7,9,15
917,94,6,2,5,11,3,4,3,1,6,6,11,6,7,13,10
918,140,0,0,1,4,1,4,8,3,12,8,10,16,17,24,32
919,34,1,1,0,1,0,3,1,0,2,1,5,6,4,3,6
920,186,12,13,9,7,6,5,6,12,13,15,20,12,14,19,23
921,274,3,1,6,8,6,10,11,12,20,31,21,33,22,46,44
922,11,0,0,0,0,0,0,2,0,3,3,1,0,1,0,1
923,79,5,5,5,8,6,4,4,0,2,5,2,7,7,8,11
924,43,2,0,4,2,0,3,2,0,4,3,4,5,5,5,4
925,368,24,34,18,9,13,5,10,12,14,22,36,29,36,47,59
926,255,20,24,12,12,10,11,17,20,36,21,10,12,10,13,27
927,71,0,3,2,2,7,2,2,8,4,5,3,3,12,11,7
928,106,3,1,5,1,5,5,6,6,13,10,5,11,6,11,18
929,246,16,25,11,13,15,22,20,13,8,18,16,14,20,20,15
930,75,2,8,3,3,1,2,6,1,3,5,6,8,6,11,10
931,200,10,15,8,11,15,12,7,12,12,17,18,5,16,22,20
932,100,1,1,2,8,9,13,6,6,8,6,7,3,3,10,17
933,58,0,5,1,1,1,1,6,4,5,3,5,4,3,8,11
934,63,1,3,4,2,4,3,3,4,5,7,4,3,3,4,13
935,169,3,11,2,4,8,4,3,11,12,12,11,17,19,17,35
936,68,0,0,0,2,0,2,1,2,5,3,11,13,8,10,11
937,50,0,0,1,5,1,2,1,0,5,1,1,5,6,8,14
938,358,1,1,6,2,9,12,29,25,33,28,35,37,43,44,53
939,492,2,9,7,34,39,39,50,41,38,24,43,32,36,56,42
940,35,0,0,0,1,1,2,1,3,1,1,3,4,5,5,8
941,111,0,0,2,3,6,2,1,2,6,2,12,8,23,21,23
942,438,20,24,13,24,46,26,26,28,25,23,22,30,43,46,42
943,191,7,9,13,8,7,12,14,12,15,19,13,12,15,17,18
944,70,0,0,1,0,2,1,0,1,0,4,16,8,8,10,19
945,768,85,103,58,36,32,16,22,49,34,53,49,48,47,44,92
946,277,0,0,3,5,10,7,12,18,18,23,18,25,24,42,72
947,169,1,2,10,13,8,8,5,5,10,15,18,25,19,14,16
948,89,3,1,3,3,2,4,2,13,7,10,6,8,6,7,14
949,193,1,2,2,5,2,6,5,9,11,21,23,22,21,30,33
950,90,3,6,1,1,5,7,1,5,5,8,10,4,12,9,13
951,42,1,3,1,1,1,2,0,2,3,0,3,6,6,5,8
952,102,0,1,2,4,5,1,8,7,7,9,10,10,12,11,15
953,544,12,10,7,26,43,35,49,60,32,30,35,44,45,53,63
954,138,9,12,7,4,8,3,5,7,4,11,16,8,11,14,19
955,221,0,0,1,1,1,3,6,2,4,22,29,24,29,32,67
956,25,0,1,0,0,1,1,0,0,3,1,6,0,5,2,5
957,86,1,0,0,1,1,1,3,0,6,8,17,6,8,8,26
958,104,12,7,7,2,4,5,3,4,8,9,11,5,9,7,11
959,154,0,0,2,5,3,7,11,4,12,11,22,20,18,20,19
960,71,3,6,1,1,3,4,1,7,7,6,6,6,5,6,9
961,51,1,1,2,3,1,0,1,1,3,4,4,5,2,9,14
962,131,3,2,5,3,11,9,7,8,14,5,11,11,8,16,18
963,153,1,3,5,6,6,6,6,4,9,18,19,12,9,19,30
964,49,0,0,2,0,5,3,3,5,4,3,5,3,4,3,9
965,279,0,1,3,2,8,17,11,9,16,25,44,28,27,41,47
966,854,34,29,17,43,51,50,42,87,76,72,58,90,67,75,63
967,140,11,10,4,2,10,3,7,2,9,12,10,6,17,19,18
968,125,2,2,4,5,6,7,6,8,10,15,10,11,9,16,14
969,154,0,2,3,6,2,12,5,3,15,13,10,17,15,21,30
970,321,0,1,5,9,11,16,10,10,19,32,35,39,33,36,65
971,421,0,0,6,11,17,19,21,29,29,40,45,54,45,47,58
972,71,0,1,6,2,2,0,3,0,5,8,11,9,6,5,13
973,46,0,0,0,2,2,0,0,2,3,1,4,5,10,9,8
974,140,0,0,0,0,0,1,0,1,6,5,6,24,26,34,37
975,105,0,0,0,1,3,10,2,6,3,8,5,12,16,14,25
976,201,8,11,4,11,9,5,12,13,20,16,20,17,16,16,23
977,132,0,1,1,1,5,3,2,3,2,4,19,22,23,22,24
978,214,9,10,11,4,9,3,8,7,10,21,20,12,24,30,36
979,222,36,63,34,14,9,8,2,10,6,12,5,4,10,4,5
980,110,5,3,4,3,1,4,9,7,11,8,11,9,10,17,8
981,51,1,5,1,4,0,2,0,3,3,3,3,3,7,5,11
982,160,9,13,13,11,8,7,7,8,13,12,8,9,8,20,14
983,97,1,3,1,4,5,4,8,2,4,6,8,5,11,12,23
984,81,5,4,1,0,3,4,5,3,6,10,13,5,4,5,13
985,210,0,2,2,1,1,2,3,6,7,12,14,30,37,38,55
986,63,3,1,2,5,3,2,5,1,3,3,4,6,10,5,10
987,1321,34,49,48,48,64,69,54,75,95,141,106,109,122,114,193
988,180,13,7,11,7,4,10,6,9,12,10,15,12,19,18,27
989,35,0,1,1,1,2,0,0,2,4,4,0,5,5,5,5
990,61,0,0,0,1,3,5,2,2,1,3,7,11,12,9,5
991,53,0,0,0,1,4,0,3,0,1,1,9,7,9,11,7
992,338,1,2,4,9,10,16,9,24,23,36,37,15,33,58,61
993,339,0,0,9,11,11,19,16,16,29,22,32,43,49,40,42
994,85,0,0,0,0,3,4,2,5,7,8,8,16,6,11,15
995,94,3,1,0,1,1,1,1,3,2,3,13,14,16,19,16
996,48,0,0,1,6,4,2,2,1,4,7,3,6,4,3,5
997,166,1,2,4,5,3,7,8,6,12,18,9,19,24,20,28
998,110,0,0,2,2,1,5,3,2,6,14,10,17,15,7,26
999,88,8,11,6,9,8,2,6,2,3,8,6,5,2,2,10
1000,185,0,2,3,12,13,10,18,11,9,7,18,25,14,22,21
1001,56,0,0,0,3,2,1,2,6,6,5,7,3,5,10,6
1002,116,3,1,3,2,3,1,3,6,8,12,17,10,11,17,19
1003,408,34,16,22,15,8,14,17,22,30,45,32,33,34,42,44
1004,74,4,8,3,5,5,2,2,3,5,6,4,9,4,7,7
1005,133,5,1,4,3,8,9,7,6,7,6,17,16,8,17,19
1006,157,8,16,10,11,13,14,10,11,8,14,6,5,13,5,13
1007,266,2,4,8,6,9,9,15,16,15,23,16,38,29,29,47
1008,3847,154,202,147,164,226,227,219,254,197,275,328,278,348,382,446
1009,196,0,0,3,5,5,5,9,9,8,20,17,16,29,27,43
1010,58,1,1,1,1,4,6,3,6,7,1,3,6,8,6,4
1011,271,3,5,7,9,23,21,24,28,30,14,22,14,29,20,22
1012,162,6,9,4,5,8,8,9,9,13,23,16,9,14,11,18
1013,121,6,7,6,2,3,3,5,0,6,5,17,13,14,12,22
1014,114,1,1,1,7,4,5,9,5,7,3,9,13,14,12,23
1015,238,9,5,4,5,8,8,8,10,17,14,26,35,20,27,42
1016,85,0,0,0,0,0,2,1,1,5,5,10,8,13,16,24
1017,34,0,0,1,1,1,3,1,0,1,1,5,5,4,4,7
1018,50,0,0,1,0,2,5,2,1,4,7,5,3,4,7,9
1019,66,4,9,1,1,2,4,2,2,5,6,5,6,4,7,8
1020,162,4,7,6,3,2,5,8,9,6,16,26,20,9,23,18
1021,168,0,0,0,2,0,8,6,3,8,12,16,20,26,35,32
1022,75,9,7,3,4,7,4,4,1,1,5,7,6,5,5,7
1023,76,0,5,2,2,2,3,3,2,8,10,8,12,8,5,6
1024,41,0,1,3,4,2,3,5,8,0,1,4,2,4,1,3
1025,55,3,2,2,1,3,2,1,4,3,6,6,3,6,3,10
1026,139,3,7,3,5,4,3,3,9,8,12,14,9,17,15,27
1027,25,0,1,0,0,0,1,0,2,1,5,1,3,5,3,3
1028,176,4,3,3,12,16,15,10,17,17,15,11,10,11,20,12
1029,164,3,4,9,10,9,5,13,4,10,8,16,16,18,16,23
1030,38,2,3,1,2,1,1,1,2,4,1,5,2,4,4,5
1031,49,0,0,1,0,4,3,1,0,1,6,8,5,6,7,7
1032,35,1,0,1,0,2,0,1,1,3,5,1,2,4,5,9
1033,171,0,0,3,2,2,5,5,9,3,13,19,25,15,28,42
1034,265,1,1,4,6,5,9,2,9,11,15,32,29,35,44,62
1035,37,0,0,0,0,0,0,0,0,0,3,12,9,2,8,3
1036,104,0,0,0,3,3,1,3,1,4,4,12,15,21,16,21
1037,225,0,0,4,8,8,12,17,8,20,34,28,28,16,20,22
1038,1621,26,43,34,46,49,72,65,84,86,130,157,185,203,217,224
1039,29,0,1,2,1,0,0,0,1,2,1,4,5,5,5,2
1040,126,14,13,9,14,10,2,7,8,6,16,6,2,6,7,6
1041,79,0,0,4,0,6,3,1,3,5,5,4,12,13,6,17
1042,46,3,0,1,3,2,0,0,4,5,4,2,2,3,5,12
1043,55,2,3,2,3,4,2,2,4,5,3,1,7,5,6,6
1044,1548,26,53,34,47,62,70,71,76,112,146,145,139,137,171,259
1045,79,0,2,3,2,3,4,3,5,0,6,5,6,13,11,16
1046,112,0,0,2,1,0,2,3,3,5,5,25,23,15,9,19
1047,349,7,13,10,22,17,17,27,27,28,25,29,22,24,37,44
1048,171,0,0,2,4,2,1,4,4,7,14,14,25,25,32,37
1049,65,0,2,3,5,4,2,1,2,4,8,7,6,3,11,7
1050,84,0,1,0,1,3,6,3,1,6,6,13,6,9,12,17
1051,83,5,10,3,6,3,3,3,13,8,4,2,4,5,9,5
1052,273,11,15,8,9,10,7,5,13,17,24,35,22,26,26,45
1053,104,2,2,1,4,13,6,9,5,5,5,9,8,10,9,16
1054,20,2,0,1,0,1,0,3,0,1,1,2,1,2,2,4
1055,58,1,0,2,2,0,2,2,2,7,4,12,6,3,8,7
1056,58,1,2,0,0,4,0,2,1,4,2,6,8,5,10,13
1057,153,0,0,2,4,9,6,14,12,14,16,11,13,11,12,29
1058,51,0,0,0,2,2,1,1,0,1,3,5,5,8,9,14
1059,222,11,11,4,6,7,10,12,12,13,17,25,14,26,22,32
1060,230,5,10,4,6,5,5,7,10,15,16,14,22,33,34,44
1061,133,5,10,15,8,3,9,9,9,11,5,13,12,4,8,12
1062,145,1,0,1,2,5,1,2,3,1,10,7,24,27,36,25
1063,120,0,2,3,4,2,8,5,6,6,13,13,13,9,17,19
1064,94,0,0,0,1,0,2,2,1,0,1,8,11,17,30,21
1065,327,15,24,11,17,19,24,26,28,26,25,23,21,15,25,28
1066,273,3,1,7,5,4,16,15,14,14,30,25,31,30,41,37
1067,67,8,27,2,3,9,3,5,2,1,1,1,1,1,2,1
1068,74,1,2,2,2,3,3,4,4,4,7,8,8,5,7,14
1069,228,0,0,1,6,2,12,5,7,17,21,27,24,30,44,32
1070,504,4,6,8,11,24,22,32,32,25,25,46,58,68,55,88
1071,155,1,0,1,3,5,9,9,8,11,21,9,13,18,18,29
1072,147,1,3,2,4,5,4,2,10,4,8,9,22,18,18,37
1073,68,3,3,5,5,1,2,2,3,4,1,7,6,6,8,12
1074,107,0,0,5,8,3,6,7,8,9,7,9,10,8,8,19
1075,119,0,1,2,4,3,2,6,6,6,5,16,13,19,10,26
1076,2491,0,0,0,0,0,0,2,2,0,418,843,504,342,193,187
1077,102,12,19,8,6,2,2,4,5,4,11,4,3,6,8,8
1078,149,3,2,1,4,5,1,6,6,17,12,19,11,13,17,32
1079,109,0,0,2,2,4,5,6,8,8,6,5,9,12,19,23
1080,69,1,0,1,2,0,0,2,6,5,7,10,9,12,6,8
1081,66,0,0,2,4,0,2,6,4,2,3,6,7,8,9,13
1082,37,0,0,1,1,0,1,0,1,3,2,4,5,1,4,14
1083,32,0,0,1,2,3,1,0,0,0,1,3,5,1,3,12
1084,48,3,0,2,3,4,3,4,1,1,6,6,0,3,5,7
1085,113,4,5,2,3,3,9,1,17,8,8,11,7,9,11,15
1086,98,4,4,4,3,2,1,0,6,7,5,12,6,14,13,17
1087,53,0,0,2,2,2,3,3,2,3,6,6,5,6,7,6
1088,484,1,0,5,4,4,11,4,7,8,10,28,56,101,127,118
1089,46,0,0,0,2,1,2,3,4,1,2,2,7,4,7,11
1090,37,0,0,0,4,1,0,2,7,0,5,1,3,3,6,5
1091,88,2,3,1,2,4,3,5,4,5,5,5,8,5,12,24
1092,832,8,8,19,20,20,39,26,41,71,90,78,77,94,91,150
1093,42,2,2,1,5,3,4,3,1,0,0,5,6,2,2,6
1094,166,0,1,8,15,6,6,8,11,11,8,17,15,20,21,19
1095,144,1,2,3,3,3,6,5,4,7,11,15,10,16,16,42
1096,209,11,16,9,4,10,13,13,8,20,16,10,14,12,15,38
1097,138,0,0,1,1,4,6,7,8,4,15,13,13,16,25,25
1098,3071,61,54,66,229,229,221,265,275,273,236,199,228,243,256,236
1099,159,0,1,1,1,1,3,6,9,6,12,10,14,18,33,44
